OrderID,OrderDate,ShipDate,CustomerID,ProductID,RegionID,Quantity,Discount,ShipMode
ORD-20001,2024-01-01,2024-01-06,CUST-077,PRD-003,R05,2,0.0,Standard
ORD-20002,2024-01-05,2024-01-07,CUST-073,PRD-012,R02,4,0.05,Express
ORD-20003,2024-01-06,2024-01-10,CUST-024,PRD-010,R02,5,0.0,Standard
ORD-20004,2024-01-08,2024-01-12,CUST-028,PRD-011,R01,5,0.1,Same Day
ORD-20005,2024-01-08,2024-01-10,CUST-063,PRD-010,R02,10,0.15,Same Day
ORD-20006,2024-01-11,2024-01-13,CUST-047,PRD-004,R03,2,0.0,Express
ORD-20007,2024-01-12,2024-01-13,CUST-079,PRD-004,R01,3,0.1,Standard
ORD-20008,2024-01-13,2024-01-16,CUST-010,PRD-005,R02,2,0.0,Standard
ORD-20009,2024-01-16,2024-01-19,CUST-048,PRD-003,R02,5,0.15,Standard
ORD-20010,2024-01-17,2024-01-22,CUST-042,PRD-005,R01,1,0.0,Standard
ORD-20011,2024-01-17,2024-01-22,CUST-075,PRD-010,R01,2,0.0,Standard
ORD-20011,2024-01-17,2024-01-22,CUST-075,PRD-010,R01,2,0.0,Standard
ORD-20012,2024-01-18,2024-01-19,CUST-006,PRD-002,R01,1,0.0,Express
ORD-20013,2024-01-19,2024-01-22,CUST-035,PRD-003,R04,1,0.0,Express
ORD-20014,2024-01-20,2024-01-25,CUST-009,PRD-006,R03,2,0.0,Standard
ORD-20015,2024-01-21,2024-01-27,CUST-061,PRD-009,R05,2,0.15,Express
ORD-20016,2024-01-21,2024-01-26,CUST-010,PRD-009,R02,1,0.05,Standard
ORD-20017,2024-01-21,2024-01-23,CUST-078,PRD-010,R04,2,0.05,Express
ORD-20018,2024-01-23,2024-01-26,CUST-025,PRD-002,R03,3,0.05,Same Day
ORD-20019,2024-01-24,2024-01-27,CUST-036,PRD-003,R01,2,0.0,Express
ORD-20020,2024-01-25,2024-01-27,CUST-025,PRD-003,R03,1,0.1,Same Day
ORD-20021,2024-01-25,2024-01-26,CUST-027,PRD-003,R05,3,0.05,Express
ORD-20022,2024-01-30,2024-02-03,CUST-057,PRD-010,R03,2,0.0,Express
ORD-20023,2024-02-03,2024-02-05,CUST-030,PRD-012,R01,4,0.0,Standard
ORD-20024,2024-02-04,2024-02-06,CUST-007,PRD-009,R04,1,0.0,Standard
ORD-20025,2024-02-04,2024-02-07,CUST-013,PRD-001,R02,1,0.0,Standard
ORD-20026,2024-02-06,2024-02-11,CUST-009,PRD-003,R03,5,0.0,Express
ORD-20027,2024-02-08,2024-02-13,CUST-079,PRD-010,R01,7,0.0,Standard
ORD-20028,2024-02-09,2024-02-13,CUST-053,PRD-012,R03,3,0.15,Express
ORD-20029,2024-02-10,2024-02-15,CUST-076,PRD-008,R02,3,0.0,Standard
ORD-20030,2024-02-12,2024-02-14,CUST-054,PRD-004,R03,2,0.0,Express
ORD-20031,2024-02-12,2024-02-15,CUST-056,PRD-004,R04,3,0.0,Same Day
ORD-20032,2024-02-13,2024-02-18,CUST-057,PRD-008,R03,3,0.05,Express
ORD-20033,2024-02-13,2024-02-17,CUST-071,PRD-011,R05,1,0.05,Standard
ORD-20034,2024-02-13,2024-02-17,CUST-058,PRD-004,R02,4,0.0,Express
ORD-20035,2024-02-14,2024-02-16,CUST-037,PRD-003,R03,4,0.15,Standard
ORD-20036,2024-02-14,2024-02-15,CUST-054,PRD-001,R03,2,0.0,Express
ORD-20037,2024-02-15,2024-02-17,CUST-032,PRD-002,R04,3,0.0,Standard
ORD-20038,2024-02-16,2024-02-19,CUST-045,PRD-011,R02,4,0.05,Standard
ORD-20039,2024-02-16,2024-02-18,CUST-012,PRD-008,R01,4,0.0,Same Day
ORD-20040,2024-02-16,2024-02-19,CUST-060,PRD-012,R02,2,0.1,Express
ORD-20041,2024-02-21,2024-02-23,CUST-003,PRD-001,R02,1,0.0,Same Day
ORD-20042,2024-02-21,2024-02-27,CUST-007,PRD-004,R04,3,0.0,Standard
ORD-20043,2024-02-23,2024-02-29,CUST-020,PRD-010,R04,9,0.05,Express
ORD-20044,2024-02-24,2024-02-26,CUST-017,PRD-009,R04,2,0.1,Same Day
ORD-20045,2024-02-25,2024-03-01,CUST-061,PRD-001,R05,2,0.1,Express
ORD-20046,2024-02-25,2024-02-28,CUST-060,PRD-005,R02,2,0.0,Standard
ORD-20047,2024-02-28,2024-03-04,CUST-019,PRD-008,R03,4,0.0,Standard
ORD-20048,2024-03-01,2024-03-07,CUST-016,PRD-009,R05,1,0.0,Standard
ORD-20049,2024-03-01,2024-03-06,CUST-028,PRD-006,R01,4,0.05,Standard
ORD-20050,2024-03-05,2024-03-08,CUST-043,PRD-003,R02,5,0.0,Standard
ORD-20051,2024-03-05,2024-03-08,CUST-058,PRD-012,R02,5,0.1,Standard
ORD-20052,2024-03-06,2024-03-11,CUST-021,PRD-006,R02,1,0.05,Express
ORD-20053,2024-03-06,2024-03-09,CUST-056,PRD-010,R04,3,0.0,Express
ORD-20054,2024-03-09,2024-03-10,CUST-035,PRD-007,R04,1,0.0,Standard
ORD-20055,2024-03-10,2024-03-13,CUST-007,PRD-002,R04,2,0.0,Standard
ORD-20056,2024-03-11,2024-03-14,CUST-067,PRD-003,R04,4,0.15,Same Day
ORD-20057,2024-03-12,2024-03-13,CUST-027,PRD-001,R05,2,0.0,Same Day
ORD-20058,2024-03-14,2024-03-16,CUST-053,PRD-003,R03,5,0.05,Same Day
ORD-20059,2024-03-14,2024-03-17,CUST-023,PRD-003,R04,1,0.15,Standard
ORD-20060,2024-03-15,2024-03-21,CUST-036,PRD-005,R01,1,0.0,Standard
ORD-20061,2024-03-15,2024-03-18,CUST-053,PRD-004,R03,3,0.15,Express
ORD-20062,2024-03-15,2024-03-19,CUST-022,PRD-004,R03,1,0.0,Standard
ORD-20063,2024-03-15,2024-03-17,CUST-007,PRD-010,R04,9,0.0,Standard
ORD-20064,2024-03-17,2024-03-19,CUST-065,PRD-001,R05,1,0.0,Same Day
ORD-20065,2024-03-18,2024-03-20,CUST-007,PRD-002,R04,2,0.05,Standard
ORD-20066,2024-03-20,2024-03-21,CUST-053,PRD-010,R03,6,0.0,Standard
ORD-20067,2024-03-20,2024-03-21,CUST-048,PRD-007,R02,1,0.1,Standard
ORD-20068,2024-03-22,2024-03-25,CUST-036,PRD-005,R01,1,0.0,Express
ORD-20069,2024-03-23,2024-03-27,CUST-014,PRD-003,R01,5,0.05,Standard
ORD-20070,2024-03-25,2024-03-26,CUST-070,PRD-007,R03,2,0.0,Express
ORD-20071,2024-03-26,2024-04-01,CUST-032,PRD-003,R04,4,0.05,Standard
ORD-20072,2024-03-27,2024-03-30,CUST-056,PRD-011,R04,4,0.05,Standard
ORD-20073,2024-03-27,2024-04-02,CUST-068,PRD-010,R04,6,0.0,Standard
ORD-20074,2024-03-27,2024-04-01,CUST-079,PRD-004,R01,1,0.0,Standard
ORD-20075,2024-03-28,2024-03-31,CUST-064,PRD-001,R03,1,0.1,Express
ORD-20076,2024-03-28,2024-03-30,CUST-054,PRD-011,R03,6,0.15,Standard
ORD-20077,2024-03-28,2024-03-30,CUST-078,PRD-003,R04,2,0.0,Express
ORD-20078,2024-03-30,2024-04-01,CUST-072,PRD-009,R02,1,0.0,Express
ORD-20079,2024-03-31,2024-04-04,CUST-003,PRD-011,R02,6,0.1,Standard
ORD-20080,2024-04-01,2024-04-04,CUST-045,PRD-010,R02,6,0.0,Standard
ORD-20081,2024-04-01,2024-04-04,CUST-026,PRD-011,R04,4,0.15,Standard
ORD-20082,2024-04-04,2024-04-05,CUST-057,PRD-006,R03,2,0.1,Standard
ORD-20083,2024-04-04,2024-04-09,CUST-011,PRD-011,R04,2,0.0,Express
ORD-20084,2024-04-05,2024-04-11,CUST-068,PRD-006,R04,2,0.1,Standard
ORD-20085,2024-04-05,2024-04-09,CUST-078,PRD-003,R04,5,0.0,Express
ORD-20086,2024-04-06,2024-04-07,CUST-008,PRD-006,R02,2,0.05,Standard
ORD-20087,2024-04-07,2024-04-08,CUST-061,PRD-004,R05,3,0.1,Standard
ORD-20088,2024-04-07,2024-04-12,CUST-038,PRD-010,R04,1,0.05,Standard
ORD-20089,2024-04-08,2024-04-10,CUST-080,PRD-011,R03,6,0.15,Express
ORD-20090,2024-04-09,2024-04-12,CUST-049,PRD-002,R02,2,0.0,Standard
ORD-20091,2024-04-10,2024-04-16,CUST-076,PRD-002,R02,3,0.0,Express
ORD-20092,2024-04-13,2024-04-18,CUST-005,PRD-004,R02,2,0.05,Standard
ORD-20093,2024-04-15,2024-04-18,CUST-049,PRD-006,R02,3,0.0,Standard
ORD-20094,2024-04-16,2024-04-21,CUST-064,PRD-012,R03,2,0.05,Express
ORD-20095,2024-04-18,2024-04-20,CUST-005,PRD-012,R02,2,0.0,Express
ORD-20096,2024-04-18,2024-04-19,CUST-058,PRD-012,R02,1,0.05,Express
ORD-20097,2024-04-18,2024-04-21,CUST-068,PRD-010,R04,8,0.1,Standard
ORD-20098,2024-04-19,2024-04-24,CUST-075,PRD-009,R01,1,0.05,Standard
ORD-20099,2024-04-19,2024-04-21,CUST-044,PRD-003,R01,1,0.15,Same Day
ORD-20100,2024-04-20,2024-04-26,CUST-030,PRD-004,R01,3,0.1,Standard
ORD-20101,2024-04-21,2024-04-23,CUST-068,PRD-001,R04,2,0.1,Standard
ORD-20102,2024-04-21,2024-04-25,CUST-038,PRD-011,R04,6,0.0,Express
ORD-20103,2024-04-21,2024-04-23,CUST-026,PRD-003,R04,5,0.0,Standard
ORD-20104,2024-04-22,2024-04-26,CUST-073,PRD-002,R02,1,0.05,Express
ORD-20105,2024-04-22,2024-04-24,CUST-063,PRD-004,R02,1,0.0,Express
ORD-20106,2024-04-23,2024-04-25,CUST-033,PRD-004,R01,4,0.1,Standard
ORD-20107,2024-04-25,2024-04-26,CUST-004,PRD-010,R02,10,0.0,Standard
ORD-20108,2024-04-27,2024-04-29,CUST-067,PRD-001,R04,2,0.05,Standard
ORD-20109,2024-04-28,2024-04-29,CUST-018,PRD-003,R02,4,0.0,Standard
ORD-20110,2024-04-28,2024-05-03,CUST-034,PRD-011,R02,1,0.05,Standard
ORD-20111,2024-04-28,2024-05-03,CUST-004,PRD-011,R02,4,0.15,Standard
ORD-20112,2024-04-29,2024-05-04,CUST-028,PRD-008,R01,1,0.1,Standard
ORD-20113,2024-04-29,2024-05-01,CUST-073,PRD-007,R02,2,0.0,Standard
ORD-20114,2024-05-01,2024-05-03,CUST-023,PRD-003,R04,5,0.0,Standard
ORD-20115,2024-05-03,2024-05-05,CUST-006,PRD-011,R01,1,0.0,Express
ORD-20116,2024-05-04,2024-05-05,CUST-018,PRD-010,R02,3,0.0,Standard
ORD-20117,2024-05-05,2024-05-06,CUST-015,PRD-006,R01,4,0.0,Standard
ORD-20118,2024-05-07,2024-05-10,CUST-035,PRD-002,R04,1,0.15,Express
ORD-20119,2024-05-08,2024-05-09,CUST-013,PRD-003,R02,4,0.1,Express
ORD-20120,2024-05-08,2024-05-12,CUST-013,PRD-004,R02,3,0.0,Express
ORD-20121,2024-05-09,2024-05-13,CUST-021,PRD-004,R02,3,0.05,Express
ORD-20122,2024-05-10,2024-05-13,CUST-067,PRD-001,R04,2,0.15,Standard
ORD-20123,2024-05-11,2024-05-12,CUST-023,PRD-005,R04,1,0.0,Express
ORD-20124,2024-05-12,2024-05-18,CUST-078,PRD-005,R04,2,0.1,Standard
ORD-20125,2024-05-12,2024-05-14,CUST-060,PRD-003,R02,3,0.1,Standard
ORD-20126,2024-05-14,2024-05-19,CUST-008,PRD-004,R02,3,0.1,Express
ORD-20127,2024-05-15,2024-05-21,CUST-031,PRD-004,R04,3,0.0,Express
ORD-20128,2024-05-16,2024-05-22,CUST-005,PRD-004,R02,2,0.15,Standard
ORD-20129,2024-05-16,2024-05-20,CUST-015,PRD-008,R01,1,0.15,Standard
ORD-20130,2024-05-18,2024-05-22,CUST-001,PRD-006,R03,2,0.0,Express
ORD-20131,2024-05-24,2024-05-29,CUST-029,PRD-003,R05,4,0.05,Express
ORD-20132,2024-05-25,2024-05-30,CUST-075,PRD-010,R01,3,0.0,Standard
ORD-20133,2024-05-25,2024-05-30,CUST-079,PRD-006,R01,4,0.05,Standard
ORD-20134,2024-05-28,2024-06-03,CUST-006,PRD-006,R01,3,0.05,Standard
ORD-20135,2024-05-28,2024-05-30,CUST-026,PRD-010,R04,7,0.05,Same Day
ORD-20136,2024-05-29,2024-05-30,CUST-055,PRD-010,R04,10,0.1,Standard
ORD-20137,2024-05-30,2024-06-03,CUST-060,PRD-011,R02,2,0.0,Express
ORD-20138,2024-05-31,2024-06-04,CUST-025,PRD-010,R03,1,0.0,Standard
ORD-20139,2024-05-31,2024-06-06,CUST-040,PRD-009,R04,1,0.1,Standard
ORD-20140,2024-06-04,2024-06-06,CUST-016,PRD-010,R05,4,0.0,Express
ORD-20141,2024-06-05,2024-06-06,CUST-043,PRD-002,R02,1,0.0,Express
ORD-20142,2024-06-05,2024-06-03,CUST-020,PRD-010,R04,4,0.0,Same Day
ORD-20143,2024-06-05,2024-06-11,CUST-014,PRD-003,R01,5,0.1,Standard
ORD-20144,2024-06-07,2024-06-09,CUST-056,PRD-003,R04,1,0.0,Standard
ORD-20145,2024-06-07,2024-06-09,CUST-013,PRD-002,R02,3,0.1,Standard
ORD-20146,2024-06-07,2024-06-12,CUST-002,PRD-004,R03,3,0.05,Standard
ORD-20147,2024-06-07,2024-06-11,CUST-038,PRD-001,R04,2,0.1,Standard
ORD-20148,2024-06-08,2024-06-10,CUST-070,PRD-009,R03,2,0.1,Same Day
ORD-20149,2024-06-08,2024-06-12,CUST-030,PRD-010,R01,6,0.1,Standard
ORD-20150,2024-06-09,2024-06-13,CUST-046,PRD-010,R05,3,0.0,Express
ORD-20151,2024-06-09,2024-06-10,CUST-016,PRD-002,R05,3,0.0,Express
ORD-20152,2024-06-10,2024-06-15,CUST-019,PRD-009,R03,2,0.05,Standard
ORD-20153,2024-06-10,2024-06-14,CUST-014,PRD-011,R01,4,0.05,Standard
ORD-20154,2024-06-11,2024-06-17,CUST-017,PRD-001,R04,2,0.1,Standard
ORD-20155,2024-06-11,2024-06-13,CUST-049,PRD-003,R02,5,0.1,Standard
ORD-20156,2024-06-12,2024-06-18,CUST-053,PRD-003,R03,2,0.0,Standard
ORD-20157,2024-06-12,2024-06-17,CUST-026,PRD-006,R04,1,0.0,Express
ORD-20158,2024-06-13,2024-06-16,CUST-051,PRD-003,R02,5,0.05,Express
ORD-20159,2024-06-13,2024-06-14,CUST-032,PRD-007,R04,1,0.05,Standard
ORD-20160,2024-06-15,2024-06-20,CUST-026,PRD-004,R04,3,0.0,Standard
ORD-20161,2024-06-16,2024-06-22,CUST-014,PRD-009,R01,2,0.0,Express
ORD-20162,2024-06-18,2024-06-20,CUST-027,PRD-007,R05,2,0.0,Standard
ORD-20163,2024-06-19,2024-06-20,CUST-026,PRD-009,R04,1,0.0,Standard
ORD-20164,2024-06-19,2024-06-20,CUST-038,PRD-003,R04,1,0.0,Express
ORD-20165,2024-06-20,2024-06-22,CUST-068,PRD-010,R04,6,0.0,Express
ORD-20166,2024-06-21,2024-06-26,CUST-073,PRD-010,R02,3,0.0,Same Day
ORD-20167,2024-06-22,2024-06-24,CUST-020,PRD-010,R04,9,0.0,Standard
ORD-20168,2024-06-22,2024-06-28,CUST-044,PRD-001,R01,1,0.0,Express
ORD-20169,2024-06-22,2024-06-28,CUST-010,PRD-012,R02,2,0.0,Standard
ORD-20170,2024-06-23,2024-06-28,CUST-068,PRD-007,R04,2,0.0,Standard
ORD-20171,2024-06-23,2024-06-24,CUST-027,PRD-003,R05,4,0.0,Standard
ORD-20172,2024-06-23,2024-06-27,CUST-052,PRD-005,R05,2,0.1,Standard
ORD-20173,2024-06-24,2024-06-26,CUST-073,PRD-006,R02,1,0.1,Standard
ORD-20174,2024-06-24,2024-06-28,CUST-045,PRD-006,R02,1,0.0,Standard
ORD-20175,2024-06-24,2024-06-28,CUST-073,PRD-003,R02,3,0.0,Express
ORD-20176,2024-06-25,2024-06-30,CUST-040,PRD-003,R04,3,0.0,Express
ORD-20177,2024-06-25,2024-06-30,CUST-076,PRD-004,R02,4,0.05,Standard
ORD-20178,2024-06-26,2024-06-30,CUST-055,PRD-010,R04,3,0.0,Standard
ORD-20179,2024-06-27,2024-07-02,CUST-051,PRD-005,R02,2,0.05,Express
ORD-20180,2024-06-27,2024-06-30,CUST-040,PRD-001,R04,2,0.05,Standard
ORD-20181,2024-06-28,2024-07-04,CUST-079,PRD-006,R01,2,0.05,Standard
ORD-20182,2024-06-28,2024-07-04,CUST-059,PRD-003,R04,3,0.1,Same Day
ORD-20183,2024-07-02,2024-07-03,CUST-047,PRD-001,R03,2,0.0,Standard
ORD-20184,2024-07-03,2024-07-06,CUST-015,PRD-012,R01,5,0.0,Standard
ORD-20185,2024-07-04,2024-07-08,CUST-067,PRD-003,R04,5,0.0,Express
ORD-20186,2024-07-05,2024-07-11,CUST-026,PRD-007,R04,2,0.0,Standard
ORD-20187,2024-07-05,2024-07-11,CUST-008,PRD-004,R02,3,0.05,Standard
ORD-20188,2024-07-09,2024-07-14,CUST-070,PRD-001,R03,1,0.0,Express
ORD-20189,2024-07-11,2024-07-12,CUST-055,PRD-011,R04,3,0.0,Express
ORD-20190,2024-07-12,2024-07-17,CUST-032,PRD-012,R04,2,0.0,Express
ORD-20191,2024-07-13,2024-07-14,CUST-043,PRD-003,R02,4,0.0,Standard
ORD-20192,2024-07-14,2024-07-20,CUST-068,PRD-005,R04,2,0.0,Standard
ORD-20193,2024-07-14,2024-07-19,CUST-023,PRD-004,R04,1,0.0,Standard
ORD-20194,2024-07-15,2024-07-21,CUST-076,PRD-002,R02,3,0.15,Standard
ORD-20195,2024-07-18,2024-07-24,CUST-010,PRD-009,R02,1,0.0,Standard
ORD-20196,2024-07-20,2024-07-26,CUST-047,PRD-010,R03,4,0.05,Standard
ORD-20197,2024-07-20,2024-07-24,CUST-058,PRD-010,R02,6,0.0,Standard
ORD-20198,2024-07-21,2024-07-25,CUST-009,PRD-009,R03,1,0.0,Standard
ORD-20199,2024-07-22,2024-07-24,CUST-023,PRD-001,R04,1,0.0,Standard
ORD-20200,2024-07-23,2024-07-26,CUST-061,PRD-003,R05,2,0.0,Express
ORD-20201,2024-07-25,2024-07-26,CUST-049,PRD-006,R02,1,0.1,Express
ORD-20202,2024-07-26,2024-07-31,CUST-054,PRD-010,R03,3,0.0,Standard
ORD-20203,2024-07-26,2024-07-29,CUST-054,PRD-004,R03,2,0.0,Express
ORD-20204,2024-07-26,2024-08-01,CUST-024,PRD-005,R02,1,0.15,Standard
ORD-20205,2024-07-28,2024-08-03,CUST-003,PRD-011,R02,3,0.1,Standard
ORD-20206,2024-08-01,2024-08-05,CUST-070,PRD-001,R03,1,0.0,Standard
ORD-20207,2024-08-02,2024-08-08,CUST-010,PRD-003,R02,3,0.0,Express
ORD-20208,2024-08-03,2024-08-04,CUST-039,PRD-003,R03,2,0.05,Same Day
ORD-20209,2024-08-04,2024-08-07,CUST-070,PRD-012,R03,4,0.0,Express
ORD-20210,2024-08-04,2024-08-05,CUST-005,PRD-003,R02,3,0.0,Standard
ORD-20211,2024-08-04,2024-08-05,CUST-058,PRD-001,R02,2,0.0,Express
ORD-20212,2024-08-07,2024-08-10,CUST-006,PRD-005,R01,2,0.1,Standard
ORD-20213,2024-08-07,2024-08-12,CUST-010,PRD-009,R02,2,0.0,Express
ORD-20214,2024-08-07,2024-08-12,CUST-019,PRD-002,R03,3,0.15,Express
ORD-20215,2024-08-08,2024-08-13,CUST-029,PRD-011,R05,1,0.0,Express
ORD-20216,2024-08-08,2024-08-14,CUST-049,PRD-003,R02,1,0.0,Standard
ORD-20217,2024-08-09,2024-08-15,CUST-029,PRD-010,R05,9,0.0,Standard
ORD-20218,2024-08-11,2024-08-14,CUST-066,PRD-002,R02,2,0.15,Standard
ORD-20219,2024-08-16,2024-08-17,CUST-007,PRD-011,R04,6,0.1,Express
ORD-20220,2024-08-16,2024-08-20,CUST-008,PRD-003,R02,4,0.0,Express
ORD-20221,2024-08-16,2024-08-22,CUST-019,PRD-010,R03,9,0.0,Express
ORD-20222,2024-08-16,2024-08-20,CUST-002,PRD-011,R03,1,0.0,Standard
ORD-20223,2024-08-17,2024-08-23,CUST-021,PRD-003,R02,1,0.05,Standard
ORD-20224,2024-08-17,2024-08-18,CUST-050,PRD-002,R05,2,0.0,Standard
ORD-20225,2024-08-17,2024-08-20,CUST-054,PRD-008,R03,3,0.15,Same Day
ORD-20226,2024-08-18,2024-08-19,CUST-033,PRD-006,R01,1,0.0,Same Day
ORD-20227,2024-08-18,2024-08-23,CUST-026,PRD-006,R04,4,0.1,Standard
ORD-20228,2024-08-19,2024-08-23,CUST-036,PRD-010,R01,4,0.0,Standard
ORD-20229,2024-08-20,2024-08-22,CUST-045,PRD-006,R02,2,0.05,Express
ORD-20230,2024-08-22,2024-08-26,CUST-066,PRD-006,R02,2,0.0,Standard
ORD-20231,2024-08-22,2024-08-26,CUST-013,PRD-006,R02,3,0.0,Standard
ORD-20232,2024-08-22,2024-08-28,CUST-074,PRD-006,R02,4,0.0,Standard
ORD-20233,2024-08-23,2024-08-29,CUST-031,PRD-005,R04,1,0.05,Express
ORD-20234,2024-08-24,2024-08-26,CUST-078,PRD-002,R04,1,0.0,Standard
ORD-20235,2024-08-24,2024-08-25,CUST-025,PRD-003,R03,4,0.0,Standard
ORD-20236,2024-08-26,2024-09-01,CUST-063,PRD-003,R02,3,0.15,Express
ORD-20237,2024-08-27,2024-08-31,CUST-038,PRD-003,R04,1,0.0,Standard
ORD-20238,2024-08-28,2024-08-30,CUST-001,PRD-010,R03,6,0.0,Express
ORD-20239,2024-08-29,2024-09-02,CUST-003,PRD-002,R02,1,0.0,Standard
ORD-20240,2024-08-29,2024-09-02,CUST-013,PRD-003,R02,2,0.05,Standard
ORD-20241,2024-08-30,2024-09-04,CUST-048,PRD-006,R02,1,0.15,Standard
ORD-20242,2024-08-30,2024-09-04,CUST-047,PRD-004,R03,4,0.0,Standard
ORD-20243,2024-08-31,2024-09-06,CUST-014,PRD-003,R01,4,0.0,Express
ORD-20244,2024-09-01,2024-09-02,CUST-077,PRD-004,R05,2,0.0,Express
ORD-20245,2024-09-01,2024-09-07,CUST-027,PRD-006,R05,3,0.0,Standard
ORD-20246,2024-09-02,2024-09-08,CUST-007,PRD-009,R04,1,0.0,Standard
ORD-20247,2024-09-02,2024-09-05,CUST-045,PRD-012,R02,5,0.0,Standard
ORD-20248,2024-09-03,2024-09-09,CUST-042,PRD-011,R01,5,0.0,Same Day
ORD-20249,2024-09-04,2024-09-08,CUST-010,PRD-005,R02,1,0.15,Express
ORD-20250,2024-09-04,2024-09-10,CUST-032,PRD-006,R04,2,0.0,Standard
ORD-20251,2024-09-05,2024-09-09,CUST-051,PRD-005,R02,1,0.0,Standard
ORD-20251,2024-09-05,2024-09-09,CUST-051,PRD-005,R02,1,0.0,Standard
ORD-20252,2024-09-05,2024-09-06,CUST-033,PRD-003,R01,4,0.0,Standard
ORD-20253,2024-09-07,2024-09-09,CUST-030,PRD-012,R01,5,0.0,Standard
ORD-20254,2024-09-07,2024-09-11,CUST-022,PRD-001,R03,1,0.1,Standard
ORD-20255,2024-09-07,2024-09-13,CUST-032,PRD-003,R04,1,0.0,Standard
ORD-20256,2024-09-07,2024-09-12,CUST-022,PRD-009,R03,1,0.0,Standard
ORD-20257,2024-09-09,2024-09-14,CUST-016,PRD-008,R05,4,0.1,Express
ORD-20258,2024-09-09,2024-09-15,CUST-020,PRD-003,R04,4,0.0,Express
ORD-20259,2024-09-10,2024-09-12,CUST-010,PRD-012,R02,3,0.0,Express
ORD-20260,2024-09-12,2024-09-14,CUST-009,PRD-005,R03,1,0.15,Express
ORD-20261,2024-09-13,2024-09-19,CUST-024,PRD-008,R02,3,0.0,Standard
ORD-20262,2024-09-14,2024-09-15,CUST-045,PRD-002,R02,3,0.1,Standard
ORD-20263,2024-09-15,2024-09-17,CUST-007,PRD-011,R04,1,0.0,Standard
ORD-20264,2024-09-18,2024-09-23,CUST-036,PRD-002,R01,1,0.05,Standard
ORD-20265,2024-09-19,2024-09-21,CUST-053,PRD-004,R03,3,0.0,Standard
ORD-20266,2024-09-20,2024-09-22,CUST-058,PRD-011,R02,2,0.0,Standard
ORD-20267,2024-09-20,2024-09-26,CUST-038,PRD-012,R04,5,0.15,Standard
ORD-20268,2024-09-23,2024-09-24,CUST-052,PRD-011,R05,6,0.15,Standard
ORD-20269,2024-09-24,2024-09-29,CUST-045,PRD-010,R02,9,0.0,Express
ORD-20270,2024-09-24,2024-09-25,CUST-077,PRD-003,R05,2,0.05,Same Day
ORD-20271,2024-09-26,2024-09-27,CUST-068,PRD-001,R04,1,0.0,Express
ORD-20272,2024-09-26,2024-09-30,CUST-028,PRD-006,R01,1,0.0,Standard
ORD-20273,2024-09-27,2024-10-01,CUST-005,PRD-001,R02,2,0.0,Standard
ORD-20274,2024-09-28,2024-10-02,CUST-071,PRD-012,R05,2,0.05,Same Day
ORD-20275,2024-09-29,2024-10-01,CUST-001,PRD-001,R03,2,0.05,Standard
ORD-20276,2024-10-02,2024-10-07,CUST-031,PRD-004,R04,4,0.05,Express
ORD-20277,2024-10-04,2024-10-05,CUST-020,PRD-003,R04,2,0.1,Express
ORD-20278,2024-10-05,2024-10-10,CUST-053,PRD-001,R03,1,0.0,Same Day
ORD-20279,2024-10-06,2024-10-10,CUST-002,PRD-006,R03,4,0.0,Express
ORD-20280,2024-10-07,2024-10-08,CUST-065,PRD-002,R05,2,0.0,Standard
ORD-20281,2024-10-09,2024-10-12,CUST-050,PRD-011,R05,1,0.0,Standard
ORD-20282,2024-10-09,2024-10-15,CUST-032,PRD-009,R04,2,0.15,Same Day
ORD-20283,2024-10-10,2024-10-13,CUST-001,PRD-004,R03,4,0.0,Standard
ORD-20284,2024-10-10,2024-10-16,CUST-036,PRD-011,R01,4,0.05,Standard
ORD-20285,2024-10-12,2024-10-13,CUST-045,PRD-010,R02,3,0.15,Standard
ORD-20286,2024-10-12,2024-10-18,CUST-051,PRD-004,R02,4,0.1,Standard
ORD-20287,2024-10-16,2024-10-18,CUST-031,PRD-011,R04,3,0.05,Standard
ORD-20288,2024-10-18,2024-10-23,CUST-009,PRD-012,R03,5,0.05,Express
ORD-20289,2024-10-19,2024-10-20,CUST-015,PRD-008,R01,4,0.0,Standard
ORD-20290,2024-10-19,2024-10-22,CUST-043,PRD-004,R02,2,0.05,Express
ORD-20291,2024-10-20,2024-10-25,CUST-019,PRD-011,R03,6,0.0,Standard
ORD-20292,2024-10-20,2024-10-22,CUST-008,PRD-012,R02,5,0.05,Standard
ORD-20293,2024-10-20,2024-10-26,CUST-031,PRD-004,R04,1,0.0,Express
ORD-20294,2024-10-20,2024-10-26,CUST-018,PRD-002,R02,2,0.15,Standard
ORD-20295,2024-10-22,2024-10-25,CUST-032,PRD-011,R04,5,0.0,Standard
ORD-20296,2024-10-25,2024-10-28,CUST-050,PRD-009,R05,1,0.1,Standard
ORD-20297,2024-10-25,2024-10-31,CUST-014,PRD-003,R01,5,0.1,Express
ORD-20298,2024-10-26,2024-10-29,CUST-078,PRD-007,R04,1,0.0,Express
ORD-20299,2024-10-26,2024-11-01,CUST-011,PRD-003,R04,4,0.1,Standard
ORD-20300,2024-10-28,2024-11-02,CUST-080,PRD-011,R03,2,0.05,Express
ORD-20301,2024-10-28,2024-10-31,CUST-030,PRD-004,R01,4,0.05,Standard
ORD-20302,2024-10-28,2024-11-02,CUST-021,PRD-003,R02,1,0.0,Standard
ORD-20303,2024-10-28,2024-11-01,CUST-057,PRD-001,R03,1,0.0,Express
ORD-20304,2024-10-29,2024-11-03,CUST-012,PRD-004,R01,4,0.0,Standard
ORD-20305,2024-10-29,2024-11-01,CUST-050,PRD-012,R05,2,0.0,Express
ORD-20306,2024-10-30,2024-11-03,CUST-042,PRD-003,R01,3,0.05,Standard
ORD-20307,2024-10-30,2024-11-03,CUST-067,PRD-006,R04,2,0.05,Standard
ORD-20308,2024-10-31,2024-11-04,CUST-036,PRD-012,R01,1,0.05,Express
ORD-20309,2024-11-01,2024-11-05,CUST-019,PRD-001,R03,1,0.0,Standard
ORD-20310,2024-11-01,2024-11-06,CUST-031,PRD-003,R04,5,0.0,Standard
ORD-20311,2024-11-03,2024-11-05,CUST-010,PRD-010,R02,9,0.1,Standard
ORD-20312,2024-11-03,2024-11-06,CUST-062,PRD-002,R01,2,0.15,Standard
ORD-20313,2024-11-04,2024-11-08,CUST-012,PRD-012,R01,4,0.0,Express
ORD-20314,2024-11-05,2024-11-07,CUST-057,PRD-011,R03,3,0.0,Express
ORD-20315,2024-11-05,2024-11-10,CUST-031,PRD-002,R04,2,0.0,Standard
ORD-20316,2024-11-05,2024-11-11,CUST-045,PRD-008,R02,1,0.15,Standard
ORD-20317,2024-11-05,2024-11-09,CUST-033,PRD-007,R01,1,0.0,Standard
ORD-20318,2024-11-06,2024-11-12,CUST-050,PRD-010,R05,5,0.1,Express
ORD-20319,2024-11-06,2024-11-07,CUST-061,PRD-003,R05,5,0.1,Standard
ORD-20320,2024-11-07,2024-11-12,CUST-047,PRD-004,R03,4,0.0,Standard
ORD-20321,2024-11-08,2024-11-11,CUST-043,PRD-003,R02,3,0.05,Standard
ORD-20322,2024-11-08,2024-11-10,CUST-055,PRD-003,R04,3,0.0,Same Day
ORD-20323,2024-11-09,2024-11-15,CUST-037,PRD-003,R03,5,0.05,Standard
ORD-20324,2024-11-11,2024-11-12,CUST-075,PRD-011,R01,3,0.0,Same Day
ORD-20325,2024-11-12,2024-11-18,CUST-008,PRD-011,R02,3,0.15,Standard
ORD-20326,2024-11-13,2024-11-19,CUST-076,PRD-004,R02,3,0.0,Standard
ORD-20327,2024-11-15,2024-11-20,CUST-020,PRD-010,R04,6,0.1,Express
ORD-20328,2024-11-15,2024-11-21,CUST-079,PRD-006,R01,3,0.05,Same Day
ORD-20329,2024-11-15,2024-11-20,CUST-048,PRD-003,R02,1,0.0,Standard
ORD-20330,2024-11-17,2024-11-19,CUST-069,PRD-004,R04,3,0.15,Express
ORD-20331,2024-11-17,2024-11-23,CUST-003,PRD-012,R02,2,0.0,Standard
ORD-20332,2024-11-18,2024-11-22,CUST-009,PRD-004,R03,1,0.15,Same Day
ORD-20333,2024-11-18,2024-11-22,CUST-011,PRD-007,R04,2,0.15,Same Day
ORD-20334,2024-11-19,2024-11-20,CUST-037,PRD-012,R03,1,0.1,Standard
ORD-20335,2024-11-19,2024-11-22,CUST-002,PRD-003,R03,1,0.05,Same Day
ORD-20336,2024-11-19,2024-11-22,CUST-063,PRD-010,R02,1,0.05,Standard
ORD-20337,2024-11-20,2024-11-22,CUST-072,PRD-002,R02,3,0.15,Standard
ORD-20338,2024-11-20,2024-11-25,CUST-024,PRD-010,R02,9,0.0,Standard
ORD-20339,2024-11-20,2024-11-26,CUST-023,PRD-010,R04,4,0.1,Standard
ORD-20340,2024-11-22,2024-11-25,CUST-049,PRD-011,R02,1,0.1,Standard
ORD-20341,2024-11-23,2024-11-25,CUST-070,PRD-012,R03,3,0.1,Express
ORD-20342,2024-11-23,2024-11-28,CUST-005,PRD-010,R02,3,0.0,Standard
ORD-20343,2024-11-23,2024-11-26,CUST-042,PRD-012,R01,2,0.05,Standard
ORD-20344,2024-11-24,2024-11-30,CUST-017,PRD-003,R04,3,0.0,Standard
ORD-20345,2024-11-24,2024-11-29,CUST-040,PRD-006,R04,3,0.0,Standard
ORD-20346,2024-11-24,2024-11-25,CUST-033,PRD-003,R01,3,0.0,Express
ORD-20347,2024-11-25,2024-11-28,CUST-032,PRD-002,R04,2,0.05,Standard
ORD-20348,2024-11-25,2024-11-30,CUST-006,PRD-005,R01,2,0.0,Standard
ORD-20349,2024-11-25,2024-11-26,CUST-072,PRD-010,R02,6,0.15,Standard
ORD-20350,2024-11-27,2024-11-30,CUST-034,PRD-010,R02,3,0.0,Express
ORD-20351,2024-11-27,2024-11-28,CUST-073,PRD-001,R02,2,0.0,Same Day
ORD-20352,2024-11-27,2024-11-29,CUST-019,PRD-012,R03,1,0.1,Same Day
ORD-20353,2024-11-27,2024-12-03,CUST-068,PRD-003,R04,5,0.0,Standard
ORD-20354,2024-11-27,2024-11-30,CUST-069,PRD-003,R04,1,0.0,Standard
ORD-20355,2024-11-27,2024-12-02,CUST-063,PRD-011,R02,4,0.1,Standard
ORD-20356,2024-11-28,2024-12-01,CUST-026,PRD-011,R04,3,0.0,Express
ORD-20357,2024-11-29,2024-12-05,CUST-054,PRD-010,R03,10,0.15,Express
ORD-20358,2024-11-30,2024-12-06,CUST-031,PRD-004,R04,2,0.0,Express
ORD-20359,2024-11-30,2024-12-05,CUST-078,PRD-006,R04,1,0.1,Express
ORD-20360,2024-12-01,2024-12-06,CUST-065,PRD-011,R05,3,0.0,Standard
ORD-20361,2024-12-01,2024-12-02,CUST-034,PRD-004,R02,2,0.15,Express
ORD-20362,2024-12-05,2024-12-06,CUST-045,PRD-010,R02,7,0.0,Express
ORD-20363,2024-12-05,2024-12-11,CUST-074,PRD-010,R02,1,0.15,Express
ORD-20364,2024-12-06,2024-12-07,CUST-005,PRD-006,R02,2,0.0,Express
ORD-20365,2024-12-07,2024-12-08,CUST-017,PRD-011,R04,6,0.0,Express
ORD-20366,2024-12-08,2024-12-14,CUST-018,PRD-004,R02,3,0.05,Express
ORD-20367,2024-12-08,2024-12-09,CUST-002,PRD-010,R03,2,0.05,Same Day
ORD-20368,2024-12-09,2024-12-13,CUST-049,PRD-008,R02,1,0.05,Standard
ORD-20369,2024-12-10,2024-12-11,CUST-055,PRD-004,R04,3,0.05,Express
ORD-20370,2024-12-10,2024-12-14,CUST-016,PRD-007,R05,2,0.0,Standard
ORD-20371,2024-12-10,2024-12-12,CUST-060,PRD-008,R02,1,0.0,Standard
ORD-20372,2024-12-12,2024-12-15,CUST-020,PRD-007,R04,2,0.05,Express
ORD-20373,2024-12-14,2024-12-15,CUST-071,PRD-002,R05,1,0.05,Same Day
ORD-20374,2024-12-15,2024-12-20,CUST-050,PRD-012,R05,5,0.05,Same Day
ORD-20375,2024-12-16,2024-12-22,CUST-038,PRD-012,R04,1,0.0,Express
ORD-20376,2024-12-16,2024-12-20,CUST-040,PRD-001,R04,2,0.15,Express
ORD-20377,2024-12-17,2024-12-19,CUST-015,PRD-012,R01,5,0.0,Express
ORD-20378,2024-12-18,2024-12-22,CUST-022,PRD-007,R03,2,0.15,Express
ORD-20379,2024-12-18,2024-12-20,CUST-027,PRD-002,R05,3,0.0,Standard
ORD-20380,2024-12-19,2024-12-21,CUST-045,PRD-010,R02,3,0.05,Standard
ORD-20381,2024-12-20,2024-12-25,CUST-039,PRD-005,R03,2,0.15,Express
ORD-20382,2024-12-20,2024-12-25,CUST-051,PRD-010,R02,3,0.0,Express
ORD-20383,2024-12-21,2024-12-22,CUST-064,PRD-010,R03,4,0.1,Express
ORD-20384,2024-12-22,2024-12-24,CUST-004,PRD-007,R02,1,0.0,Standard
ORD-20385,2024-12-22,2024-12-28,CUST-067,PRD-001,R04,1,0.0,Express
ORD-20386,2024-12-23,2024-12-24,CUST-022,PRD-010,R03,6,0.0,Express
ORD-20387,2024-12-24,2024-12-27,CUST-010,PRD-010,R02,2,0.05,Standard
ORD-20388,2024-12-24,2024-12-28,CUST-025,PRD-011,R03,5,0.0,Express
ORD-20389,2024-12-25,2024-12-26,CUST-062,PRD-003,R01,2,0.15,Standard
ORD-20390,2024-12-26,2024-12-31,CUST-071,PRD-010,R05,5,0.0,Standard
ORD-20391,2024-12-27,2025-01-01,CUST-061,PRD-011,R05,5,0.0,Express
ORD-20392,2024-12-27,2024-12-29,CUST-005,PRD-004,R02,1,0.0,Standard
ORD-20393,2024-12-28,2025-01-03,CUST-009,PRD-005,R03,2,0.0,Standard
ORD-20394,2024-12-29,2024-12-31,CUST-028,PRD-004,R01,3,0.0,Standard
ORD-20395,2024-12-29,2025-01-03,CUST-001,PRD-001,R03,2,0.0,Express
ORD-20396,2024-12-31,2025-01-01,CUST-016,PRD-003,R05,2,0.0,Standard
ORD-20397,2025-01-01,2025-01-06,CUST-021,PRD-004,R02,1,0.0,Express
ORD-20398,2025-01-02,2025-01-06,CUST-056,PRD-002,R04,3,0.05,Standard
ORD-20399,2025-01-02,2025-01-07,CUST-049,PRD-010,R02,6,0.0,Express
ORD-20400,2025-01-03,2025-01-08,CUST-065,PRD-005,R05,1,0.05,Standard
ORD-20401,2025-01-04,2025-01-08,CUST-003,PRD-007,R02,2,0.0,Same Day
ORD-20402,2025-01-05,2025-01-06,CUST-005,PRD-003,R02,2,0.0,Standard
ORD-20403,2025-01-06,2025-01-09,CUST-058,PRD-004,R02,2,0.0,Standard
ORD-20404,2025-01-07,2025-01-11,CUST-070,PRD-010,R03,2,0.0,Express
ORD-20405,2025-01-08,2025-01-14,CUST-052,PRD-006,R05,3,0.15,Express
ORD-20406,2025-01-09,2025-01-13,CUST-056,PRD-008,R04,2,0.0,Standard
ORD-20407,2025-01-09,2025-01-15,CUST-078,PRD-005,R04,2,0.0,Standard
ORD-20408,2025-01-10,2025-01-11,CUST-018,PRD-007,R02,2,0.0,Express
ORD-20409,2025-01-11,2025-01-14,CUST-060,PRD-011,R02,4,0.1,Standard
ORD-20410,2025-01-11,2025-01-15,CUST-074,PRD-003,R02,2,0.05,Standard
ORD-20411,2025-01-11,2025-01-17,CUST-073,PRD-006,R02,2,0.05,Standard
ORD-20412,2025-01-11,2025-01-13,CUST-024,PRD-009,R02,1,0.1,Standard
ORD-20413,2025-01-12,2025-01-15,CUST-003,PRD-002,R02,2,0.0,Standard
ORD-20414,2025-01-12,2025-01-14,CUST-064,PRD-012,R03,3,0.05,Same Day
ORD-20415,2025-01-14,2025-01-20,CUST-011,PRD-006,R04,4,0.0,Standard
ORD-20416,2025-01-14,2025-01-20,CUST-006,PRD-003,R01,4,0.05,Same Day
ORD-20417,2025-01-14,2025-01-20,CUST-048,PRD-010,R02,2,0.0,Express
ORD-20418,2025-01-14,2025-01-15,CUST-037,PRD-010,R03,2,0.05,Standard
ORD-20419,2025-01-20,2025-01-25,CUST-059,PRD-008,R04,4,0.0,Express
ORD-20420,2025-01-20,2025-01-23,CUST-041,PRD-011,R02,3,0.0,Standard
ORD-20421,2025-01-22,2025-01-26,CUST-015,PRD-002,R01,2,0.05,Standard
ORD-20422,2025-01-24,2025-01-28,CUST-072,PRD-006,R02,1,0.15,Standard
ORD-20423,2025-01-25,2025-01-29,CUST-036,PRD-010,R01,1,0.0,Standard
ORD-20424,2025-01-26,2025-01-29,CUST-067,PRD-011,R04,1,0.0,Express
ORD-20425,2025-01-27,2025-01-31,CUST-052,PRD-009,R05,1,0.0,Standard
ORD-20426,2025-01-29,2025-01-30,CUST-044,PRD-008,R01,2,0.05,Express
ORD-20427,2025-01-30,2025-02-03,CUST-022,PRD-004,R03,2,0.1,Standard
ORD-20428,2025-01-31,2025-02-06,CUST-005,PRD-007,R02,1,0.0,Express
ORD-20429,2025-02-01,2025-02-07,CUST-006,PRD-007,R01,1,0.0,Standard
ORD-20430,2025-02-03,2025-02-05,CUST-035,PRD-011,R04,6,0.0,Standard
ORD-20431,2025-02-05,2025-02-06,CUST-038,PRD-010,R04,9,0.15,Same Day
ORD-20432,2025-02-05,2025-02-08,CUST-031,PRD-010,R04,1,0.0,Express
ORD-20433,2025-02-08,2025-02-10,CUST-068,PRD-012,R04,1,0.0,Standard
ORD-20434,2025-02-08,2025-02-14,CUST-080,PRD-001,R03,2,0.1,Standard
ORD-20435,2025-02-09,2025-02-14,CUST-008,PRD-010,R02,5,0.15,Standard
ORD-20436,2025-02-11,2025-02-17,CUST-055,PRD-006,R04,3,0.1,Express
ORD-20437,2025-02-11,2025-02-15,CUST-059,PRD-010,R04,1,0.0,Standard
ORD-20438,2025-02-12,2025-02-18,CUST-033,PRD-003,R01,3,0.0,Express
ORD-20439,2025-02-15,2025-02-20,CUST-032,PRD-006,R04,4,0.0,Express
ORD-20440,2025-02-16,2025-02-19,CUST-030,PRD-010,R01,6,0.1,Same Day
ORD-20441,2025-02-16,2025-02-17,CUST-033,PRD-001,R01,2,0.1,Standard
ORD-20442,2025-02-17,2025-02-22,CUST-062,PRD-003,R01,2,0.0,Standard
ORD-20443,2025-02-19,2025-02-20,CUST-072,PRD-006,R02,1,0.0,Express
ORD-20444,2025-02-19,2025-02-25,CUST-008,PRD-011,R02,2,0.1,Standard
ORD-20445,2025-02-19,2025-02-21,CUST-011,PRD-003,R04,4,0.0,Standard
ORD-20446,2025-02-20,2025-02-22,CUST-066,PRD-010,R02,1,0.05,Standard
ORD-20447,2025-02-20,2025-02-24,CUST-011,PRD-003,R04,2,0.15,Standard
ORD-20448,2025-02-21,2025-02-27,CUST-054,PRD-003,R03,5,0.15,Express
ORD-20449,2025-02-22,2025-02-27,CUST-006,PRD-007,R01,2,0.1,Express
ORD-20450,2025-02-24,2025-02-25,CUST-035,PRD-009,R04,1,0.05,Standard
ORD-20451,2025-02-24,2025-02-26,CUST-003,PRD-011,R02,4,0.0,Same Day
ORD-20452,2025-02-26,2025-03-02,CUST-057,PRD-011,R03,1,0.0,Standard
ORD-20453,2025-02-26,2025-02-28,CUST-046,PRD-003,R05,5,0.0,Standard
ORD-20454,2025-02-26,2025-02-28,CUST-032,PRD-010,R04,8,0.05,Standard
ORD-20455,2025-02-27,2025-03-02,CUST-056,PRD-008,R04,4,0.1,Standard
ORD-20456,2025-02-28,2025-03-02,CUST-012,PRD-004,R01,2,0.1,Standard
ORD-20457,2025-02-28,2025-03-04,CUST-051,PRD-010,R02,1,0.15,Express
ORD-20458,2025-03-01,2025-02-27,CUST-034,PRD-011,R02,4,0.0,Standard
ORD-20459,2025-03-01,2025-03-03,CUST-034,PRD-006,R02,3,0.0,Standard
ORD-20460,2025-03-04,2025-03-02,CUST-005,PRD-011,R02,2,0.0,Standard
ORD-20461,2025-03-04,2025-03-09,CUST-068,PRD-002,R04,1,0.0,Same Day
ORD-20462,2025-03-04,2025-03-05,CUST-007,PRD-002,R04,1,0.15,Express
ORD-20463,2025-03-06,2025-03-08,CUST-025,PRD-010,R03,10,0.1,Standard
ORD-20464,2025-03-06,2025-03-12,CUST-036,PRD-003,R01,4,0.0,Standard
ORD-20465,2025-03-07,2025-03-13,CUST-058,PRD-008,R02,1,0.0,Standard
ORD-20466,2025-03-07,2025-03-08,CUST-067,PRD-006,R04,1,0.1,Standard
ORD-20467,2025-03-07,2025-03-13,CUST-008,PRD-002,R02,3,0.1,Same Day
ORD-20468,2025-03-07,2025-03-09,CUST-017,PRD-010,R04,3,0.1,Same Day
ORD-20469,2025-03-10,2025-03-11,CUST-030,PRD-010,R01,4,0.0,Standard
ORD-20470,2025-03-10,2025-03-12,CUST-041,PRD-002,R02,3,0.0,Standard
ORD-20471,2025-03-12,2025-03-16,CUST-011,PRD-003,R04,1,0.05,Standard
ORD-20472,2025-03-12,2025-03-18,CUST-079,PRD-010,R01,3,0.15,Standard
ORD-20473,2025-03-13,2025-03-19,CUST-023,PRD-011,R04,2,0.0,Standard
ORD-20474,2025-03-14,2025-03-15,CUST-067,PRD-011,R04,6,0.0,Standard
ORD-20475,2025-03-14,2025-03-17,CUST-062,PRD-006,R01,4,0.0,Express
ORD-20476,2025-03-15,2025-03-21,CUST-073,PRD-004,R02,1,0.0,Standard
ORD-20477,2025-03-15,2025-03-21,CUST-073,PRD-005,R02,1,0.0,Express
ORD-20478,2025-03-16,2025-03-18,CUST-054,PRD-003,R03,3,0.1,Express
ORD-20479,2025-03-16,2025-03-18,CUST-025,PRD-006,R03,1,0.05,Standard
ORD-20480,2025-03-19,2025-03-25,CUST-048,PRD-003,R02,3,0.0,Standard
ORD-20481,2025-03-19,2025-03-22,CUST-015,PRD-002,R01,3,0.0,Standard
ORD-20482,2025-03-23,2025-03-28,CUST-047,PRD-004,R03,3,0.0,Express
ORD-20483,2025-03-23,2025-03-26,CUST-017,PRD-001,R04,1,0.1,Express
ORD-20484,2025-03-23,2025-03-25,CUST-049,PRD-006,R02,4,0.0,Express
ORD-20485,2025-03-24,2025-03-30,CUST-060,PRD-010,R02,5,0.0,Standard
ORD-20486,2025-03-25,2025-03-29,CUST-038,PRD-009,R04,1,0.05,Standard
ORD-20487,2025-03-25,2025-03-29,CUST-063,PRD-012,R02,2,0.15,Express
ORD-20488,2025-03-26,2025-03-27,CUST-029,PRD-011,R05,4,0.0,Express
ORD-20489,2025-03-27,2025-03-29,CUST-043,PRD-008,R02,2,0.15,Standard
ORD-20490,2025-03-27,2025-03-30,CUST-020,PRD-011,R04,5,0.0,Express
ORD-20491,2025-03-27,2025-03-31,CUST-029,PRD-005,R05,2,0.0,Standard
ORD-20492,2025-03-28,2025-03-29,CUST-006,PRD-010,R01,1,0.15,Express
ORD-20493,2025-03-28,2025-03-30,CUST-075,PRD-003,R01,4,0.15,Standard
ORD-20494,2025-03-28,2025-04-02,CUST-030,PRD-006,R01,3,0.0,Express
ORD-20495,2025-03-29,2025-04-02,CUST-055,PRD-012,R04,3,0.05,Standard
ORD-20496,2025-03-30,2025-04-03,CUST-062,PRD-008,R01,2,0.05,Same Day
ORD-20497,2025-03-30,2025-04-05,CUST-047,PRD-006,R03,2,0.0,Same Day
ORD-20498,2025-03-31,2025-04-02,CUST-045,PRD-010,R02,5,0.1,Same Day
ORD-20499,2025-04-01,2025-04-02,CUST-065,PRD-004,R05,2,0.05,Express
ORD-20500,2025-04-03,2025-04-04,CUST-014,PRD-011,R01,4,0.0,Standard
ORD-20501,2025-04-05,2025-04-11,CUST-008,PRD-001,R02,1,0.0,Same Day
ORD-20502,2025-04-05,2025-04-11,CUST-066,PRD-003,R02,4,0.05,Express
ORD-20503,2025-04-08,2025-04-12,CUST-071,PRD-003,R05,4,0.05,Express
ORD-20504,2025-04-10,2025-04-11,CUST-004,PRD-003,R02,4,0.0,Express
ORD-20505,2025-04-10,2025-04-11,CUST-043,PRD-012,R02,4,0.05,Standard
ORD-20506,2025-04-11,2025-04-13,CUST-075,PRD-001,R01,2,0.0,Express
ORD-20507,2025-04-11,2025-04-12,CUST-036,PRD-003,R01,2,0.0,Express
ORD-20508,2025-04-12,2025-04-13,CUST-053,PRD-007,R03,2,0.0,Standard
ORD-20509,2025-04-12,2025-04-14,CUST-030,PRD-010,R01,10,0.05,Standard
ORD-20510,2025-04-13,2025-04-16,CUST-045,PRD-010,R02,10,0.0,Standard
ORD-20511,2025-04-14,2025-04-19,CUST-027,PRD-004,R05,2,0.1,Standard
ORD-20512,2025-04-18,2025-04-21,CUST-034,PRD-003,R02,4,0.15,Same Day
ORD-20513,2025-04-18,2025-04-23,CUST-064,PRD-011,R03,5,0.0,Standard
ORD-20514,2025-04-19,2025-04-23,CUST-067,PRD-002,R04,1,0.0,Standard
ORD-20515,2025-04-19,2025-04-25,CUST-018,PRD-001,R02,2,0.0,Express
ORD-20516,2025-04-21,2025-04-23,CUST-001,PRD-003,R03,1,0.0,Standard
ORD-20517,2025-04-23,2025-04-29,CUST-077,PRD-006,R05,3,0.15,Standard
ORD-20518,2025-04-23,2025-04-25,CUST-002,PRD-012,R03,1,0.05,Express
ORD-20519,2025-04-24,2025-04-25,CUST-042,PRD-010,R01,3,0.0,Standard
ORD-20520,2025-04-26,2025-05-01,CUST-042,PRD-007,R01,1,0.05,Express
ORD-20521,2025-04-26,2025-04-30,CUST-051,PRD-006,R02,3,0.0,Express
ORD-20522,2025-04-28,2025-04-30,CUST-024,PRD-010,R02,2,0.05,Standard
ORD-20523,2025-04-28,2025-04-29,CUST-011,PRD-008,R04,3,0.0,Standard
ORD-20524,2025-04-28,2025-04-30,CUST-033,PRD-004,R01,3,0.05,Standard
ORD-20525,2025-05-01,2025-05-05,CUST-078,PRD-002,R04,1,0.0,Standard
ORD-20526,2025-05-01,2025-05-04,CUST-043,PRD-003,R02,4,0.05,Same Day
ORD-20527,2025-05-02,2025-05-03,CUST-036,PRD-010,R01,7,0.05,Express
ORD-20528,2025-05-02,2025-05-04,CUST-004,PRD-008,R02,3,0.05,Express
ORD-20529,2025-05-03,2025-05-07,CUST-075,PRD-010,R01,1,0.05,Standard
ORD-20530,2025-05-04,2025-05-09,CUST-079,PRD-001,R01,1,0.0,Standard
ORD-20531,2025-05-04,2025-05-08,CUST-005,PRD-011,R02,2,0.1,Express
ORD-20532,2025-05-05,2025-05-06,CUST-055,PRD-004,R04,2,0.05,Standard
ORD-20533,2025-05-06,2025-05-07,CUST-062,PRD-012,R01,5,0.05,Standard
ORD-20534,2025-05-07,2025-05-09,CUST-008,PRD-008,R02,2,0.0,Express
ORD-20535,2025-05-08,2025-05-13,CUST-030,PRD-007,R01,1,0.0,Standard
ORD-20536,2025-05-08,2025-05-11,CUST-060,PRD-010,R02,10,0.15,Express
ORD-20537,2025-05-08,2025-05-09,CUST-070,PRD-008,R03,2,0.1,Express
ORD-20538,2025-05-08,2025-05-10,CUST-043,PRD-009,R02,1,0.15,Standard
ORD-20539,2025-05-09,2025-05-13,CUST-024,PRD-002,R02,3,0.0,Express
ORD-20540,2025-05-09,2025-05-15,CUST-055,PRD-008,R04,2,0.1,Standard
ORD-20541,2025-05-10,2025-05-12,CUST-027,PRD-004,R05,3,0.1,Same Day
ORD-20542,2025-05-13,2025-05-16,CUST-060,PRD-002,R02,2,0.0,Standard
ORD-20543,2025-05-13,2025-05-15,CUST-002,PRD-002,R03,2,0.15,Express
ORD-20544,2025-05-14,2025-05-17,CUST-080,PRD-006,R03,1,0.1,Same Day
ORD-20545,2025-05-14,2025-05-17,CUST-022,PRD-003,R03,5,0.0,Express
ORD-20546,2025-05-15,2025-05-18,CUST-010,PRD-010,R02,9,0.0,Standard
ORD-20547,2025-05-15,2025-05-16,CUST-010,PRD-002,R02,2,0.0,Standard
ORD-20548,2025-05-16,2025-05-21,CUST-080,PRD-001,R03,1,0.0,Express
ORD-20549,2025-05-16,2025-05-20,CUST-075,PRD-012,R01,4,0.05,Standard
ORD-20550,2025-05-18,2025-05-20,CUST-039,PRD-004,R03,2,0.05,Standard
ORD-20551,2025-05-19,2025-05-22,CUST-062,PRD-006,R01,3,0.1,Standard
ORD-20552,2025-05-19,2025-05-24,CUST-017,PRD-003,R04,1,0.1,Same Day
ORD-20553,2025-05-19,2025-05-24,CUST-075,PRD-003,R01,5,0.0,Standard
ORD-20554,2025-05-20,2025-05-26,CUST-030,PRD-005,R01,1,0.0,Standard
ORD-20555,2025-05-20,2025-05-24,CUST-048,PRD-010,R02,5,0.1,Express
ORD-20556,2025-05-21,2025-05-23,CUST-030,PRD-001,R01,2,0.1,Standard
ORD-20557,2025-05-22,2025-05-23,CUST-009,PRD-011,R03,2,0.0,Same Day
ORD-20558,2025-05-23,2025-05-25,CUST-072,PRD-012,R02,2,0.05,Standard
ORD-20559,2025-05-23,2025-05-27,CUST-062,PRD-007,R01,1,0.0,Standard
ORD-20560,2025-05-24,2025-05-29,CUST-042,PRD-004,R01,1,0.0,Standard
ORD-20561,2025-05-25,2025-05-30,CUST-080,PRD-003,R03,2,0.15,Standard
ORD-20562,2025-05-25,2025-05-27,CUST-006,PRD-003,R01,3,0.0,Same Day
ORD-20563,2025-05-26,2025-05-28,CUST-035,PRD-004,R04,1,0.1,Standard
ORD-20564,2025-05-26,2025-05-28,CUST-058,PRD-011,R02,2,0.0,Standard
ORD-20565,2025-05-26,2025-05-28,CUST-028,PRD-001,R01,2,0.15,Same Day
ORD-20566,2025-05-26,2025-05-27,CUST-040,PRD-010,R04,9,0.1,Standard
ORD-20567,2025-05-27,2025-05-29,CUST-015,PRD-009,R01,1,0.0,Express
ORD-20568,2025-05-27,2025-05-31,CUST-066,PRD-001,R02,2,0.05,Same Day
ORD-20569,2025-05-27,2025-05-29,CUST-021,PRD-001,R02,2,0.1,Same Day
ORD-20570,2025-05-27,2025-06-02,CUST-004,PRD-010,R02,8,0.0,Standard
ORD-20571,2025-05-29,2025-05-30,CUST-014,PRD-009,R01,1,0.05,Standard
ORD-20572,2025-05-29,2025-06-04,CUST-070,PRD-004,R03,4,0.0,Standard
ORD-20573,2025-05-30,2025-06-05,CUST-041,PRD-011,R02,4,0.0,Express
ORD-20574,2025-05-30,2025-06-03,CUST-072,PRD-003,R02,5,0.0,Standard
ORD-20575,2025-05-30,2025-06-01,CUST-042,PRD-005,R01,2,0.0,Standard
ORD-20576,2025-06-01,2025-06-04,CUST-001,PRD-002,R03,1,0.15,Standard
ORD-20577,2025-06-01,2025-06-05,CUST-065,PRD-009,R05,1,0.0,Standard
ORD-20578,2025-06-01,2025-06-07,CUST-039,PRD-002,R03,2,0.0,Express
ORD-20579,2025-06-02,2025-06-04,CUST-009,PRD-003,R03,2,0.0,Standard
ORD-20580,2025-06-03,2025-06-07,CUST-010,PRD-010,R02,3,0.05,Standard
ORD-20581,2025-06-03,2025-06-09,CUST-006,PRD-006,R01,1,0.15,Standard
ORD-20582,2025-06-04,2025-06-10,CUST-043,PRD-009,R02,1,0.05,Standard
ORD-20583,2025-06-04,2025-06-07,CUST-055,PRD-010,R04,8,0.1,Standard
ORD-20584,2025-06-05,2025-06-10,CUST-008,PRD-008,R02,1,0.0,Standard
ORD-20585,2025-06-06,2025-06-10,CUST-047,PRD-003,R03,4,0.05,Express
ORD-20586,2025-06-07,2025-06-12,CUST-071,PRD-010,R05,2,0.0,Standard
ORD-20587,2025-06-10,2025-06-13,CUST-073,PRD-002,R02,3,0.1,Express
ORD-20588,2025-06-14,2025-06-19,CUST-015,PRD-003,R01,2,0.05,Standard
ORD-20589,2025-06-15,2025-06-21,CUST-022,PRD-005,R03,2,0.0,Standard
ORD-20590,2025-06-17,2025-06-18,CUST-054,PRD-002,R03,1,0.1,Standard
ORD-20591,2025-06-18,2025-06-24,CUST-061,PRD-002,R05,1,0.0,Same Day
ORD-20592,2025-06-18,2025-06-20,CUST-053,PRD-009,R03,2,0.0,Standard
ORD-20593,2025-06-18,2025-06-19,CUST-048,PRD-010,R02,1,0.0,Standard
ORD-20594,2025-06-19,2025-06-20,CUST-026,PRD-004,R04,2,0.15,Express
ORD-20595,2025-06-21,2025-06-25,CUST-075,PRD-004,R01,3,0.0,Standard
ORD-20596,2025-06-21,2025-06-27,CUST-018,PRD-003,R02,1,0.1,Standard
ORD-20597,2025-06-22,2025-06-24,CUST-053,PRD-006,R03,2,0.0,Standard
ORD-20598,2025-06-23,2025-06-29,CUST-074,PRD-008,R02,2,0.05,Express
ORD-20599,2025-06-23,2025-06-24,CUST-052,PRD-012,R05,4,0.0,Standard
ORD-20600,2025-06-23,2025-06-27,CUST-004,PRD-001,R02,1,0.0,Same Day
ORD-20601,2025-06-24,2025-06-28,CUST-016,PRD-011,R05,4,0.05,Standard
ORD-20602,2025-06-24,2025-06-25,CUST-021,PRD-012,R02,4,0.1,Standard
ORD-20603,2025-06-24,2025-06-30,CUST-075,PRD-004,R01,2,0.15,Express
ORD-20604,2025-06-27,2025-06-28,CUST-027,PRD-010,R05,3,0.0,Standard
ORD-20605,2025-06-27,2025-06-28,CUST-019,PRD-010,R03,3,0.1,Standard
ORD-20606,2025-06-28,2025-07-01,CUST-047,PRD-009,R03,2,0.0,Standard
ORD-20607,2025-06-28,2025-07-01,CUST-036,PRD-003,R01,1,0.0,Standard
ORD-20608,2025-06-29,2025-07-02,CUST-030,PRD-008,R01,1,0.0,Same Day
ORD-20609,2025-07-02,2025-07-05,CUST-011,PRD-011,R04,1,0.0,Standard
ORD-20610,2025-07-03,2025-07-05,CUST-009,PRD-002,R03,2,0.1,Express
ORD-20611,2025-07-03,2025-07-07,CUST-024,PRD-006,R02,4,0.05,Standard
ORD-20612,2025-07-03,2025-07-04,CUST-046,PRD-001,R05,2,0.0,Same Day
ORD-20613,2025-07-04,2025-07-08,CUST-002,PRD-011,R03,4,0.1,Standard
ORD-20614,2025-07-04,2025-07-08,CUST-058,PRD-010,R02,4,0.15,Standard
ORD-20615,2025-07-04,2025-07-07,CUST-021,PRD-001,R02,1,0.05,Express
ORD-20616,2025-07-05,2025-07-10,CUST-057,PRD-010,R03,6,0.05,Standard
ORD-20617,2025-07-05,2025-07-09,CUST-053,PRD-010,R03,2,0.1,Express
ORD-20618,2025-07-05,2025-07-06,CUST-040,PRD-002,R04,2,0.0,Express
ORD-20619,2025-07-06,2025-07-09,CUST-051,PRD-006,R02,3,0.15,Express
ORD-20620,2025-07-06,2025-07-08,CUST-025,PRD-009,R03,1,0.0,Express
ORD-20621,2025-07-07,2025-07-09,CUST-016,PRD-004,R05,1,0.0,Express
ORD-20622,2025-07-07,2025-07-09,CUST-001,PRD-006,R03,1,0.1,Standard
ORD-20623,2025-07-08,2025-07-13,CUST-045,PRD-012,R02,5,0.0,Express
ORD-20624,2025-07-08,2025-07-12,CUST-043,PRD-008,R02,4,0.0,Standard
ORD-20625,2025-07-08,2025-07-10,CUST-010,PRD-006,R02,1,0.0,Express
ORD-20626,2025-07-10,2025-07-14,CUST-051,PRD-001,R02,1,0.0,Standard
ORD-20627,2025-07-10,2025-07-13,CUST-019,PRD-002,R03,2,0.0,Express
ORD-20628,2025-07-11,2025-07-14,CUST-036,PRD-011,R01,5,0.0,Express
ORD-20629,2025-07-11,2025-07-12,CUST-038,PRD-010,R04,4,0.0,Standard
ORD-20630,2025-07-12,2025-07-18,CUST-077,PRD-011,R05,3,0.05,Express
ORD-20631,2025-07-13,2025-07-19,CUST-050,PRD-007,R05,2,0.0,Standard
ORD-20632,2025-07-14,2025-07-17,CUST-017,PRD-007,R04,2,0.0,Standard
ORD-20633,2025-07-15,2025-07-17,CUST-025,PRD-007,R03,1,0.1,Express
ORD-20634,2025-07-15,2025-07-17,CUST-066,PRD-010,R02,2,0.0,Standard
ORD-20635,2025-07-16,2025-07-19,CUST-011,PRD-004,R04,3,0.0,Standard
ORD-20636,2025-07-17,2025-07-22,CUST-058,PRD-006,R02,2,0.1,Same Day
ORD-20637,2025-07-18,2025-07-24,CUST-033,PRD-006,R01,1,0.0,Standard
ORD-20638,2025-07-19,2025-07-25,CUST-072,PRD-009,R02,2,0.0,Standard
ORD-20639,2025-07-20,2025-07-24,CUST-033,PRD-003,R01,1,0.0,Express
ORD-20640,2025-07-21,2025-07-27,CUST-074,PRD-001,R02,2,0.0,Standard
ORD-20641,2025-07-21,2025-07-22,CUST-014,PRD-002,R01,2,0.0,Express
ORD-20642,2025-07-21,2025-07-23,CUST-019,PRD-003,R03,1,0.0,Standard
ORD-20643,2025-07-22,2025-07-24,CUST-036,PRD-011,R01,6,0.0,Express
ORD-20644,2025-07-22,2025-07-24,CUST-074,PRD-010,R02,4,0.0,Standard
ORD-20645,2025-07-23,2025-07-28,CUST-071,PRD-010,R05,9,0.05,Express
ORD-20646,2025-07-24,2025-07-27,CUST-033,PRD-005,R01,1,0.0,Express
ORD-20647,2025-07-26,2025-07-28,CUST-069,PRD-002,R04,1,0.0,Standard
ORD-20648,2025-07-30,2025-08-05,CUST-055,PRD-006,R04,3,0.0,Standard
ORD-20649,2025-08-01,2025-08-03,CUST-079,PRD-011,R01,1,0.0,Express
ORD-20650,2025-08-03,2025-08-07,CUST-077,PRD-006,R05,1,0.0,Standard
ORD-20651,2025-08-04,2025-08-08,CUST-066,PRD-008,R02,4,0.05,Same Day
ORD-20652,2025-08-04,2025-08-08,CUST-048,PRD-004,R02,3,0.1,Express
ORD-20653,2025-08-04,2025-08-10,CUST-030,PRD-002,R01,1,0.1,Standard
ORD-20654,2025-08-07,2025-08-09,CUST-047,PRD-008,R03,3,0.0,Standard
ORD-20655,2025-08-08,2025-08-11,CUST-066,PRD-006,R02,3,0.1,Standard
ORD-20656,2025-08-09,2025-08-15,CUST-006,PRD-004,R01,3,0.1,Express
ORD-20657,2025-08-10,2025-08-14,CUST-030,PRD-003,R01,4,0.05,Standard
ORD-20658,2025-08-10,2025-08-12,CUST-048,PRD-010,R02,3,0.1,Standard
ORD-20659,2025-08-10,2025-08-11,CUST-061,PRD-004,R05,2,0.0,Express
ORD-20660,2025-08-10,2025-08-14,CUST-020,PRD-007,R04,1,0.05,Standard
ORD-20661,2025-08-13,2025-08-14,CUST-023,PRD-003,R04,1,0.0,Express
ORD-20662,2025-08-13,2025-08-18,CUST-032,PRD-010,R04,3,0.05,Express
ORD-20663,2025-08-14,2025-08-17,CUST-061,PRD-004,R05,3,0.05,Standard
ORD-20664,2025-08-15,2025-08-20,CUST-031,PRD-006,R04,2,0.0,Standard
ORD-20665,2025-08-16,2025-08-17,CUST-008,PRD-012,R02,2,0.1,Standard
ORD-20666,2025-08-16,2025-08-21,CUST-078,PRD-010,R04,4,0.0,Same Day
ORD-20667,2025-08-17,2025-08-23,CUST-030,PRD-010,R01,2,0.0,Standard
ORD-20668,2025-08-17,2025-08-20,CUST-052,PRD-004,R05,4,0.05,Standard
ORD-20669,2025-08-17,2025-08-21,CUST-032,PRD-011,R04,5,0.1,Same Day
ORD-20670,2025-08-18,2025-08-20,CUST-058,PRD-004,R02,1,0.0,Standard
ORD-20671,2025-08-18,2025-08-22,CUST-061,PRD-012,R05,4,0.05,Express
ORD-20672,2025-08-18,2025-08-24,CUST-014,PRD-011,R01,6,0.0,Standard
ORD-20673,2025-08-19,2025-08-20,CUST-011,PRD-009,R04,2,0.0,Standard
ORD-20674,2025-08-21,2025-08-25,CUST-025,PRD-011,R03,1,0.0,Same Day
ORD-20675,2025-08-21,2025-08-25,CUST-007,PRD-007,R04,1,0.05,Standard
ORD-20676,2025-08-22,2025-08-24,CUST-071,PRD-010,R05,1,0.0,Standard
ORD-20677,2025-08-23,2025-08-25,CUST-077,PRD-002,R05,1,0.1,Standard
ORD-20678,2025-08-25,2025-08-26,CUST-010,PRD-012,R02,2,0.0,Express
ORD-20679,2025-08-25,2025-08-26,CUST-024,PRD-010,R02,10,0.0,Express
ORD-20680,2025-08-25,2025-08-30,CUST-077,PRD-002,R05,1,0.0,Standard
ORD-20681,2025-08-26,2025-08-30,CUST-048,PRD-003,R02,3,0.0,Standard
ORD-20682,2025-08-27,2025-09-02,CUST-035,PRD-007,R04,2,0.15,Standard
ORD-20683,2025-08-29,2025-09-01,CUST-013,PRD-010,R02,10,0.15,Express
ORD-20684,2025-08-30,2025-09-03,CUST-032,PRD-002,R04,3,0.15,Standard
ORD-20685,2025-08-30,2025-09-05,CUST-028,PRD-012,R01,1,0.0,Express
ORD-20686,2025-08-30,2025-09-02,CUST-042,PRD-004,R01,4,0.1,Same Day
ORD-20687,2025-08-31,2025-09-04,CUST-053,PRD-012,R03,3,0.0,Standard
ORD-20688,2025-08-31,2025-09-04,CUST-036,PRD-010,R01,4,0.0,Same Day
ORD-20689,2025-09-04,2025-09-08,CUST-017,PRD-006,R04,3,0.05,Standard
ORD-20690,2025-09-04,2025-09-10,CUST-038,PRD-004,R04,1,0.0,Express
ORD-20691,2025-09-05,2025-09-10,CUST-048,PRD-002,R02,2,0.0,Standard
ORD-20692,2025-09-06,2025-09-10,CUST-034,PRD-002,R02,2,0.15,Express
ORD-20693,2025-09-07,2025-09-11,CUST-070,PRD-008,R03,1,0.0,Express
ORD-20694,2025-09-08,2025-09-13,CUST-057,PRD-010,R03,9,0.1,Standard
ORD-20695,2025-09-10,2025-09-15,CUST-072,PRD-011,R02,1,0.0,Express
ORD-20696,2025-09-11,2025-09-17,CUST-023,PRD-004,R04,1,0.0,Standard
ORD-20697,2025-09-11,2025-09-17,CUST-039,PRD-012,R03,3,0.0,Standard
ORD-20698,2025-09-12,2025-09-17,CUST-014,PRD-003,R01,5,0.0,Same Day
ORD-20699,2025-09-13,2025-09-14,CUST-075,PRD-012,R01,3,0.0,Standard
ORD-20700,2025-09-14,2025-09-17,CUST-035,PRD-011,R04,1,0.0,Express
ORD-20701,2025-09-15,2025-09-16,CUST-066,PRD-002,R02,2,0.0,Standard
ORD-20702,2025-09-15,2025-09-17,CUST-008,PRD-011,R02,5,0.0,Standard
ORD-20703,2025-09-15,2025-09-17,CUST-058,PRD-010,R02,5,0.0,Standard
ORD-20704,2025-09-17,2025-09-22,CUST-036,PRD-010,R01,5,0.15,Standard
ORD-20705,2025-09-17,2025-09-20,CUST-072,PRD-011,R02,6,0.1,Express
ORD-20706,2025-09-18,2025-09-23,CUST-040,PRD-007,R04,2,0.05,Express
ORD-20707,2025-09-18,2025-09-22,CUST-011,PRD-006,R04,3,0.0,Express
ORD-20708,2025-09-18,2025-09-24,CUST-063,PRD-004,R02,4,0.05,Express
ORD-20709,2025-09-19,2025-09-20,CUST-057,PRD-011,R03,2,0.05,Standard
ORD-20710,2025-09-19,2025-09-20,CUST-009,PRD-011,R03,1,0.0,Standard
ORD-20711,2025-09-22,2025-09-27,CUST-012,PRD-002,R01,2,0.0,Standard
ORD-20712,2025-09-22,2025-09-23,CUST-032,PRD-010,R04,5,0.0,Standard
ORD-20713,2025-09-24,2025-09-26,CUST-057,PRD-003,R03,2,0.0,Standard
ORD-20714,2025-09-25,2025-09-29,CUST-063,PRD-003,R02,2,0.0,Standard
ORD-20715,2025-09-26,2025-09-29,CUST-003,PRD-003,R02,2,0.1,Standard
ORD-20716,2025-09-27,2025-10-02,CUST-028,PRD-007,R01,1,0.0,Express
ORD-20717,2025-09-27,2025-09-28,CUST-075,PRD-003,R01,4,0.05,Standard
ORD-20718,2025-09-28,2025-09-29,CUST-067,PRD-003,R04,1,0.1,Express
ORD-20719,2025-09-29,2025-10-05,CUST-005,PRD-002,R02,1,0.05,Same Day
ORD-20720,2025-10-01,2025-10-05,CUST-058,PRD-004,R02,2,0.0,Standard
ORD-20721,2025-10-02,2025-10-03,CUST-067,PRD-010,R04,9,0.0,Same Day
ORD-20722,2025-10-02,2025-10-04,CUST-004,PRD-001,R02,1,0.15,Express
ORD-20723,2025-10-03,2025-10-05,CUST-031,PRD-006,R04,2,0.0,Standard
ORD-20724,2025-10-03,2025-10-09,CUST-031,PRD-008,R04,1,0.0,Same Day
ORD-20725,2025-10-04,2025-10-06,CUST-063,PRD-001,R02,2,0.05,Standard
ORD-20726,2025-10-05,2025-10-08,CUST-062,PRD-003,R01,3,0.1,Standard
ORD-20727,2025-10-05,2025-10-11,CUST-046,PRD-011,R05,5,0.1,Standard
ORD-20728,2025-10-05,2025-10-06,CUST-043,PRD-012,R02,5,0.05,Standard
ORD-20729,2025-10-07,2025-10-13,CUST-010,PRD-011,R02,1,0.05,Express
ORD-20730,2025-10-07,2025-10-12,CUST-054,PRD-002,R03,1,0.0,Standard
ORD-20731,2025-10-08,2025-10-09,CUST-039,PRD-010,R03,1,0.0,Express
ORD-20732,2025-10-09,2025-10-11,CUST-080,PRD-006,R03,4,0.05,Standard
ORD-20733,2025-10-09,2025-10-15,CUST-006,PRD-003,R01,2,0.0,Standard
ORD-20734,2025-10-10,2025-10-13,CUST-055,PRD-006,R04,2,0.1,Standard
ORD-20735,2025-10-10,2025-10-15,CUST-042,PRD-012,R01,1,0.0,Express
ORD-20736,2025-10-11,2025-10-12,CUST-044,PRD-011,R01,2,0.0,Standard
ORD-20737,2025-10-11,2025-10-16,CUST-080,PRD-004,R03,1,0.15,Standard
ORD-20738,2025-10-12,2025-10-14,CUST-068,PRD-001,R04,2,0.0,Standard
ORD-20739,2025-10-13,2025-10-15,CUST-032,PRD-011,R04,5,0.05,Express
ORD-20740,2025-10-13,2025-10-14,CUST-035,PRD-012,R04,3,0.0,Express
ORD-20741,2025-10-15,2025-10-20,CUST-028,PRD-006,R01,3,0.15,Standard
ORD-20742,2025-10-15,2025-10-17,CUST-001,PRD-003,R03,3,0.0,Same Day
ORD-20743,2025-10-15,2025-10-19,CUST-024,PRD-007,R02,1,0.05,Standard
ORD-20744,2025-10-16,2025-10-20,CUST-022,PRD-010,R03,4,0.1,Standard
ORD-20745,2025-10-17,2025-10-20,CUST-043,PRD-006,R02,4,0.0,Standard
ORD-20746,2025-10-17,2025-10-19,CUST-048,PRD-004,R02,4,0.0,Express
ORD-20747,2025-10-17,2025-10-18,CUST-079,PRD-003,R01,5,0.0,Standard
ORD-20748,2025-10-17,2025-10-22,CUST-076,PRD-003,R02,1,0.0,Express
ORD-20749,2025-10-18,2025-10-21,CUST-057,PRD-001,R03,2,0.1,Same Day
ORD-20750,2025-10-19,2025-10-25,CUST-049,PRD-003,R02,2,0.0,Standard
ORD-20751,2025-10-19,2025-10-21,CUST-024,PRD-012,R02,1,0.1,Standard
ORD-20752,2025-10-19,2025-10-23,CUST-023,PRD-001,R04,1,0.05,Standard
ORD-20753,2025-10-20,2025-10-21,CUST-040,PRD-010,R04,4,0.05,Standard
ORD-20754,2025-10-20,2025-10-21,CUST-080,PRD-010,R03,1,0.0,Standard
ORD-20755,2025-10-23,2025-10-26,CUST-061,PRD-005,R05,2,0.0,Standard
ORD-20756,2025-10-23,2025-10-29,CUST-033,PRD-008,R01,4,0.15,Express
ORD-20757,2025-10-23,2025-10-28,CUST-047,PRD-003,R03,5,0.15,Same Day
ORD-20758,2025-10-24,2025-10-26,CUST-019,PRD-009,R03,1,0.0,Same Day
ORD-20759,2025-10-25,2025-10-31,CUST-008,PRD-010,R02,3,0.1,Standard
ORD-20760,2025-10-25,2025-10-28,CUST-045,PRD-010,R02,7,0.05,Standard
ORD-20761,2025-10-26,2025-10-29,CUST-025,PRD-006,R03,2,0.0,Express
ORD-20762,2025-10-28,2025-11-01,CUST-028,PRD-012,R01,5,0.0,Same Day
ORD-20763,2025-10-28,2025-11-03,CUST-068,PRD-011,R04,3,0.05,Standard
ORD-20764,2025-10-28,2025-11-01,CUST-009,PRD-007,R03,1,0.15,Same Day
ORD-20765,2025-10-28,2025-10-31,CUST-050,PRD-009,R05,2,0.15,Express
ORD-20766,2025-10-28,2025-10-31,CUST-058,PRD-003,R02,2,0.0,Standard
ORD-20767,2025-10-29,2025-10-30,CUST-036,PRD-012,R01,5,0.0,Standard
ORD-20768,2025-10-30,2025-11-02,CUST-056,PRD-009,R04,2,0.0,Standard
ORD-20769,2025-10-31,2025-11-06,CUST-008,PRD-011,R02,1,0.0,Standard
ORD-20770,2025-10-31,2025-11-04,CUST-078,PRD-003,R04,3,0.15,Standard
ORD-20771,2025-10-31,2025-11-03,CUST-074,PRD-012,R02,2,0.0,Express
ORD-20772,2025-11-01,2025-11-04,CUST-011,PRD-002,R04,1,0.1,Standard
ORD-20773,2025-11-01,2025-11-03,CUST-047,PRD-007,R03,1,0.0,Express
ORD-20774,2025-11-01,2025-11-03,CUST-073,PRD-002,R02,1,0.15,Express
ORD-20775,2025-11-02,2025-11-06,CUST-010,PRD-003,R02,3,0.0,Standard
ORD-20776,2025-11-03,2025-11-06,CUST-064,PRD-010,R03,4,0.1,Express
ORD-20777,2025-11-03,2025-11-04,CUST-037,PRD-001,R03,2,0.05,Standard
ORD-20778,2025-11-03,2025-11-06,CUST-021,PRD-004,R02,3,0.1,Express
ORD-20779,2025-11-05,2025-11-09,CUST-079,PRD-003,R01,3,0.0,Standard
ORD-20780,2025-11-05,2025-11-07,CUST-039,PRD-011,R03,1,0.0,Same Day
ORD-20781,2025-11-05,2025-11-09,CUST-018,PRD-002,R02,2,0.0,Standard
ORD-20782,2025-11-07,2025-11-11,CUST-051,PRD-004,R02,4,0.1,Express
ORD-20783,2025-11-08,2025-11-10,CUST-047,PRD-011,R03,5,0.15,Express
ORD-20784,2025-11-09,2025-11-13,CUST-026,PRD-009,R04,1,0.05,Standard
ORD-20785,2025-11-10,2025-11-12,CUST-059,PRD-010,R04,9,0.05,Express
ORD-20786,2025-11-11,2025-11-14,CUST-009,PRD-012,R03,2,0.0,Standard
ORD-20787,2025-11-12,2025-11-16,CUST-049,PRD-001,R02,1,0.15,Standard
ORD-20788,2025-11-12,2025-11-17,CUST-067,PRD-009,R04,1,0.05,Standard
ORD-20789,2025-11-12,2025-11-13,CUST-061,PRD-010,R05,8,0.05,Express
ORD-20790,2025-11-13,2025-11-18,CUST-014,PRD-010,R01,4,0.1,Standard
ORD-20791,2025-11-14,2025-11-19,CUST-064,PRD-010,R03,10,0.0,Express
ORD-20792,2025-11-14,2025-11-18,CUST-040,PRD-002,R04,2,0.05,Standard
ORD-20793,2025-11-15,2025-11-17,CUST-008,PRD-002,R02,1,0.05,Standard
ORD-20794,2025-11-16,2025-11-19,CUST-036,PRD-010,R01,7,0.1,Express
ORD-20795,2025-11-16,2025-11-21,CUST-023,PRD-008,R04,3,0.0,Same Day
ORD-20796,2025-11-17,2025-11-23,CUST-073,PRD-003,R02,5,0.05,Standard
ORD-20797,2025-11-17,2025-11-23,CUST-030,PRD-001,R01,2,0.15,Same Day
ORD-20798,2025-11-18,2025-11-19,CUST-045,PRD-007,R02,1,0.05,Standard
ORD-20799,2025-11-18,2025-11-23,CUST-051,PRD-002,R02,1,0.0,Express
ORD-20800,2025-11-18,2025-11-23,CUST-034,PRD-010,R02,9,0.15,Standard
ORD-20801,2025-11-20,2025-11-25,CUST-011,PRD-004,R04,2,0.0,Express
ORD-20802,2025-11-20,2025-11-23,CUST-079,PRD-010,R01,4,0.0,Standard
ORD-20803,2025-11-20,2025-11-25,CUST-021,PRD-002,R02,1,0.1,Express
ORD-20804,2025-11-21,2025-11-24,CUST-029,PRD-006,R05,2,0.05,Standard
ORD-20805,2025-11-22,2025-11-23,CUST-028,PRD-002,R01,1,0.0,Standard
ORD-20806,2025-11-22,2025-11-28,CUST-059,PRD-010,R04,2,0.1,Express
ORD-20807,2025-11-22,2025-11-23,CUST-007,PRD-007,R04,1,0.05,Standard
ORD-20808,2025-11-23,2025-11-27,CUST-019,PRD-003,R03,5,0.0,Same Day
ORD-20809,2025-11-23,2025-11-26,CUST-073,PRD-012,R02,1,0.0,Express
ORD-20810,2025-11-25,2025-12-01,CUST-061,PRD-009,R05,1,0.1,Same Day
ORD-20811,2025-11-25,2025-11-28,CUST-046,PRD-004,R05,2,0.1,Standard
ORD-20812,2025-11-26,2025-12-02,CUST-061,PRD-011,R05,5,0.0,Express
ORD-20813,2025-11-26,2025-11-28,CUST-028,PRD-004,R01,2,0.0,Standard
ORD-20814,2025-11-26,2025-11-27,CUST-067,PRD-012,R04,1,0.05,Standard
ORD-20815,2025-11-26,2025-11-29,CUST-065,PRD-003,R05,4,0.0,Standard
ORD-20816,2025-11-26,2025-11-30,CUST-039,PRD-012,R03,4,0.0,Standard
ORD-20817,2025-11-27,2025-12-03,CUST-057,PRD-001,R03,2,0.0,Standard
ORD-20818,2025-11-28,2025-12-03,CUST-018,PRD-010,R02,3,0.15,Standard
ORD-20819,2025-11-28,2025-12-01,CUST-022,PRD-003,R03,5,0.05,Standard
ORD-20820,2025-11-29,2025-11-30,CUST-051,PRD-005,R02,1,0.0,Express
ORD-20821,2025-11-29,2025-12-02,CUST-004,PRD-008,R02,3,0.1,Standard
ORD-20822,2025-11-29,2025-12-03,CUST-073,PRD-001,R02,2,0.05,Standard
ORD-20823,2025-11-30,2025-12-03,CUST-062,PRD-003,R01,1,0.0,Express
ORD-20824,2025-12-02,2025-12-08,CUST-025,PRD-002,R03,1,0.0,Express
ORD-20825,2025-12-02,2025-12-04,CUST-022,PRD-010,R03,1,0.0,Express
ORD-20826,2025-12-03,2025-12-05,CUST-002,PRD-003,R03,3,0.0,Same Day
ORD-20827,2025-12-03,2025-12-05,CUST-029,PRD-006,R05,2,0.0,Express
ORD-20828,2025-12-08,2025-12-09,CUST-015,PRD-004,R01,4,0.0,Standard
ORD-20829,2025-12-09,2025-12-10,CUST-071,PRD-003,R05,5,0.1,Same Day
ORD-20830,2025-12-09,2025-12-11,CUST-075,PRD-012,R01,1,0.1,Standard
ORD-20831,2025-12-10,2025-12-12,CUST-017,PRD-006,R04,3,0.0,Standard
ORD-20832,2025-12-11,2025-12-14,CUST-001,PRD-009,R03,1,0.15,Standard
ORD-20833,2025-12-11,2025-12-16,CUST-019,PRD-010,R03,1,0.05,Standard
ORD-20834,2025-12-12,2025-12-14,CUST-005,PRD-010,R02,2,0.15,Standard
ORD-20835,2025-12-12,2025-12-17,CUST-057,PRD-003,R03,5,0.1,Standard
ORD-20836,2025-12-12,2025-12-15,CUST-008,PRD-002,R02,1,0.05,Express
ORD-20837,2025-12-13,2025-12-14,CUST-017,PRD-006,R04,2,0.05,Standard
ORD-20838,2025-12-13,2025-12-19,CUST-072,PRD-003,R02,3,0.1,Express
ORD-20839,2025-12-13,2025-12-15,CUST-060,PRD-001,R02,2,0.1,Express
ORD-20840,2025-12-17,2025-12-21,CUST-031,PRD-011,R04,3,0.1,Express
ORD-20841,2025-12-17,2025-12-18,CUST-012,PRD-008,R01,3,0.0,Standard
ORD-20842,2025-12-17,2025-12-21,CUST-056,PRD-005,R04,2,0.0,Standard
ORD-20843,2025-12-17,2025-12-22,CUST-025,PRD-002,R03,2,0.0,Standard
ORD-20844,2025-12-20,2025-12-21,CUST-057,PRD-010,R03,9,0.15,Express
ORD-20845,2025-12-21,2025-12-24,CUST-066,PRD-007,R02,2,0.15,Express
ORD-20846,2025-12-21,2025-12-22,CUST-035,PRD-003,R04,4,0.0,Standard
ORD-20847,2025-12-22,2025-12-26,CUST-012,PRD-012,R01,5,0.0,Express
ORD-20848,2025-12-22,2025-12-28,CUST-059,PRD-012,R04,2,0.0,Standard
ORD-20849,2025-12-22,2025-12-27,CUST-069,PRD-012,R04,4,0.15,Express
ORD-20850,2025-12-22,2025-12-25,CUST-037,PRD-010,R03,5,0.05,Same Day
ORD-20851,2025-12-23,2025-12-28,CUST-033,PRD-007,R01,1,0.15,Same Day
ORD-20852,2025-12-24,2025-12-30,CUST-044,PRD-003,R01,4,0.05,Express
ORD-20853,2025-12-26,2025-12-30,CUST-071,PRD-009,R05,1,0.0,Standard
ORD-20854,2025-12-26,2025-12-29,CUST-025,PRD-002,R03,3,0.05,Same Day
ORD-20855,2025-12-26,2025-12-27,CUST-026,PRD-008,R04,4,0.1,Standard
ORD-20856,2025-12-26,2025-12-30,CUST-001,PRD-001,R03,2,0.1,Standard
ORD-20857,2025-12-27,2026-01-02,CUST-003,PRD-001,R02,1,0.0,Standard
ORD-20858,2025-12-27,2025-12-31,CUST-048,PRD-010,R02,6,0.0,Express
ORD-20859,2025-12-27,2026-01-02,CUST-078,PRD-004,R04,2,0.15,Express
ORD-20860,2025-12-29,2025-12-30,CUST-022,PRD-010,R03,2,0.0,Express
ORD-20861,2025-12-29,2025-12-30,CUST-022,PRD-010,R03,9,0.1,Standard
ORD-20862,2025-12-29,2025-12-30,CUST-023,PRD-011,R04,6,0.0,Same Day
ORD-20863,2025-12-29,2026-01-04,CUST-025,PRD-008,R03,3,0.1,Same Day
ORD-20864,2026-01-01,2026-01-04,CUST-071,PRD-011,R05,2,0.0,Standard
ORD-20865,2026-01-01,2026-01-05,CUST-075,PRD-009,R01,2,0.0,Same Day
ORD-20866,2026-01-01,2026-01-02,CUST-029,PRD-012,R05,3,0.0,Standard
ORD-20867,2026-01-02,2026-01-03,CUST-038,PRD-011,R04,4,0.0,Standard
ORD-20868,2026-01-02,2026-01-04,CUST-009,PRD-001,R03,2,0.0,Standard
ORD-20869,2026-01-02,2026-01-07,CUST-017,PRD-003,R04,1,0.15,Express
ORD-20870,2026-01-03,2026-01-05,CUST-051,PRD-004,R02,1,0.15,Same Day
ORD-20871,2026-01-03,2026-01-08,CUST-004,PRD-003,R02,4,0.0,Same Day
ORD-20872,2026-01-03,2026-01-05,CUST-044,PRD-003,R01,5,0.1,Standard
ORD-20873,2026-01-03,2026-01-08,CUST-043,PRD-011,R02,6,0.0,Express
ORD-20874,2026-01-04,2026-01-07,CUST-005,PRD-001,R02,1,0.1,Standard
ORD-20875,2026-01-06,2026-01-08,CUST-039,PRD-003,R03,4,0.0,Standard
ORD-20876,2026-01-07,2026-01-09,CUST-028,PRD-010,R01,1,0.1,Express
ORD-20877,2026-01-07,2026-01-09,CUST-011,PRD-003,R04,3,0.0,Standard
ORD-20878,2026-01-09,2026-01-12,CUST-049,PRD-003,R02,3,0.0,Standard
ORD-20879,2026-01-09,2026-01-13,CUST-070,PRD-012,R03,5,0.0,Standard
ORD-20880,2026-01-09,2026-01-12,CUST-023,PRD-010,R04,8,0.0,Express
ORD-20881,2026-01-11,2026-01-15,CUST-045,PRD-005,R02,1,0.0,Express
ORD-20882,2026-01-12,2026-01-17,CUST-079,PRD-002,R01,2,0.0,Standard
ORD-20883,2026-01-12,2026-01-15,CUST-069,PRD-003,R04,1,0.0,Standard
ORD-20884,2026-01-12,2026-01-13,CUST-064,PRD-012,R03,5,0.0,Standard
ORD-20885,2026-01-14,2026-01-18,CUST-030,PRD-010,R01,1,0.05,Same Day
ORD-20886,2026-01-14,2026-01-20,CUST-041,PRD-001,R02,1,0.1,Standard
ORD-20887,2026-01-14,2026-01-20,CUST-005,PRD-010,R02,7,0.15,Same Day
ORD-20888,2026-01-16,2026-01-19,CUST-074,PRD-004,R02,4,0.05,Standard
ORD-20889,2026-01-17,2026-01-23,CUST-002,PRD-010,R03,10,0.0,Express
ORD-20890,2026-01-17,2026-01-23,CUST-003,PRD-003,R02,1,0.05,Express
ORD-20891,2026-01-17,2026-01-20,CUST-004,PRD-002,R02,1,0.0,Standard
ORD-20892,2026-01-18,2026-01-19,CUST-018,PRD-001,R02,1,0.0,Standard
ORD-20893,2026-01-19,2026-01-23,CUST-072,PRD-003,R02,2,0.0,Standard
ORD-20894,2026-01-21,2026-01-22,CUST-074,PRD-011,R02,1,0.0,Standard
ORD-20895,2026-01-21,2026-01-26,CUST-044,PRD-011,R01,5,0.0,Standard
ORD-20896,2026-01-24,2026-01-25,CUST-041,PRD-009,R02,2,0.0,Standard
ORD-20897,2026-01-24,2026-01-26,CUST-027,PRD-010,R05,5,0.0,Express
ORD-20898,2026-01-25,2026-01-31,CUST-014,PRD-003,R01,3,0.0,Standard
ORD-20899,2026-01-25,2026-01-29,CUST-052,PRD-004,R05,4,0.0,Standard
ORD-20900,2026-01-25,2026-01-28,CUST-046,PRD-011,R05,4,0.0,Standard
ORD-20901,2026-01-26,2026-01-27,CUST-040,PRD-012,R04,1,0.15,Same Day
ORD-20902,2026-01-26,2026-02-01,CUST-059,PRD-005,R04,1,0.05,Express
ORD-20903,2026-01-28,2026-01-31,CUST-022,PRD-010,R03,6,0.0,Standard
ORD-20904,2026-01-29,2026-02-03,CUST-049,PRD-012,R02,4,0.05,Standard
ORD-20905,2026-01-29,2026-01-30,CUST-066,PRD-012,R02,5,0.05,Same Day
ORD-20906,2026-01-29,2026-01-30,CUST-004,PRD-003,R02,5,0.0,Standard
ORD-20907,2026-01-30,2026-02-04,CUST-034,PRD-009,R02,2,0.0,Express
ORD-20908,2026-01-30,2026-02-02,CUST-003,PRD-004,R02,1,0.0,Express
ORD-20909,2026-01-31,2026-02-05,CUST-012,PRD-006,R01,3,0.0,Express
ORD-20910,2026-02-02,2026-02-04,CUST-033,PRD-006,R01,2,0.1,Standard
ORD-20911,2026-02-03,2026-02-05,CUST-036,PRD-003,R01,2,0.0,Express
ORD-20912,2026-02-03,2026-02-06,CUST-002,PRD-001,R03,2,0.0,Standard
ORD-20913,2026-02-03,2026-02-04,CUST-007,PRD-010,R04,9,0.0,Same Day
ORD-20914,2026-02-03,2026-02-08,CUST-007,PRD-010,R04,9,0.05,Standard
ORD-20915,2026-02-04,2026-02-08,CUST-074,PRD-011,R02,1,0.0,Standard
ORD-20916,2026-02-04,2026-02-05,CUST-052,PRD-002,R05,3,0.0,Express
ORD-20917,2026-02-04,2026-02-10,CUST-026,PRD-003,R04,5,0.1,Express
ORD-20918,2026-02-05,2026-02-11,CUST-036,PRD-008,R01,1,0.1,Same Day
ORD-20919,2026-02-05,2026-02-10,CUST-038,PRD-012,R04,3,0.05,Express
ORD-20920,2026-02-05,2026-02-08,CUST-007,PRD-006,R04,3,0.0,Standard
ORD-20921,2026-02-07,2026-02-10,CUST-021,PRD-003,R02,3,0.0,Standard
ORD-20922,2026-02-07,2026-02-10,CUST-071,PRD-008,R05,1,0.0,Standard
ORD-20923,2026-02-07,2026-02-11,CUST-015,PRD-012,R01,1,0.0,Standard
ORD-20924,2026-02-07,2026-02-12,CUST-030,PRD-011,R01,3,0.0,Express
ORD-20925,2026-02-08,2026-02-14,CUST-038,PRD-011,R04,2,0.0,Express
ORD-20926,2026-02-08,2026-02-10,CUST-071,PRD-005,R05,2,0.15,Standard
ORD-20927,2026-02-08,2026-02-13,CUST-076,PRD-003,R02,3,0.1,Standard
ORD-20928,2026-02-10,2026-02-15,CUST-049,PRD-011,R02,2,0.0,Standard
ORD-20929,2026-02-11,2026-02-15,CUST-057,PRD-010,R03,5,0.1,Express
ORD-20930,2026-02-13,2026-02-16,CUST-050,PRD-011,R05,3,0.0,Standard
ORD-20931,2026-02-14,2026-02-20,CUST-042,PRD-004,R01,4,0.0,Express
ORD-20932,2026-02-14,2026-02-17,CUST-034,PRD-003,R02,2,0.15,Same Day
ORD-20933,2026-02-14,2026-02-17,CUST-029,PRD-003,R05,3,0.15,Same Day
ORD-20934,2026-02-15,2026-02-17,CUST-054,PRD-011,R03,1,0.0,Standard
ORD-20935,2026-02-15,2026-02-18,CUST-019,PRD-011,R03,3,0.05,Same Day
ORD-20936,2026-02-16,2026-02-18,CUST-020,PRD-004,R04,1,0.0,Standard
ORD-20937,2026-02-16,2026-02-18,CUST-051,PRD-011,R02,1,0.1,Same Day
ORD-20938,2026-02-18,2026-02-24,CUST-021,PRD-004,R02,4,0.0,Express
ORD-20939,2026-02-18,2026-02-23,CUST-037,PRD-005,R03,1,0.0,Standard
ORD-20940,2026-02-18,2026-02-22,CUST-070,PRD-007,R03,1,0.0,Express
ORD-20941,2026-02-20,2026-02-26,CUST-012,PRD-003,R01,5,0.05,Standard
ORD-20942,2026-02-22,2026-02-25,CUST-017,PRD-003,R04,5,0.05,Same Day
ORD-20943,2026-02-23,2026-02-26,CUST-078,PRD-003,R04,1,0.15,Standard
ORD-20944,2026-02-24,2026-03-01,CUST-031,PRD-003,R04,5,0.0,Express
ORD-20945,2026-02-25,2026-02-27,CUST-039,PRD-006,R03,4,0.1,Standard
ORD-20946,2026-02-26,2026-03-04,CUST-060,PRD-002,R02,3,0.15,Standard
ORD-20947,2026-02-28,2026-03-01,CUST-079,PRD-010,R01,5,0.05,Standard
ORD-20948,2026-03-02,2026-03-03,CUST-027,PRD-003,R05,4,0.0,Express
ORD-20949,2026-03-03,2026-03-07,CUST-040,PRD-005,R04,1,0.0,Standard
ORD-20950,2026-03-03,2026-03-09,CUST-030,PRD-009,R01,1,0.0,Express
ORD-20951,2026-03-03,2026-03-08,CUST-070,PRD-002,R03,1,0.0,Same Day
ORD-20952,2026-03-03,2026-03-04,CUST-073,PRD-005,R02,1,0.1,Standard
ORD-20953,2026-03-06,2026-03-12,CUST-006,PRD-007,R01,2,0.0,Express
ORD-20954,2026-03-06,2026-03-10,CUST-017,PRD-007,R04,1,0.0,Standard
ORD-20955,2026-03-07,2026-03-10,CUST-051,PRD-011,R02,3,0.0,Express
ORD-20956,2026-03-08,2026-03-10,CUST-020,PRD-010,R04,2,0.05,Express
ORD-20957,2026-03-11,2026-03-13,CUST-012,PRD-002,R01,2,0.0,Standard
ORD-20958,2026-03-11,2026-03-13,CUST-071,PRD-011,R05,1,0.1,Express
ORD-20959,2026-03-12,2026-03-13,CUST-074,PRD-007,R02,1,0.05,Standard
ORD-20960,2026-03-13,2026-03-16,CUST-023,PRD-009,R04,2,0.0,Standard
ORD-20961,2026-03-13,2026-03-16,CUST-050,PRD-002,R05,3,0.05,Same Day
ORD-20962,2026-03-14,2026-03-18,CUST-027,PRD-006,R05,4,0.0,Standard
ORD-20963,2026-03-14,2026-03-19,CUST-013,PRD-010,R02,4,0.0,Standard
ORD-20964,2026-03-15,2026-03-18,CUST-071,PRD-010,R05,8,0.05,Standard
ORD-20965,2026-03-15,2026-03-18,CUST-001,PRD-010,R03,1,0.0,Same Day
ORD-20966,2026-03-16,2026-03-21,CUST-026,PRD-003,R04,2,0.0,Same Day
ORD-20967,2026-03-16,2026-03-21,CUST-005,PRD-011,R02,2,0.1,Standard
ORD-20968,2026-03-17,2026-03-23,CUST-080,PRD-007,R03,2,0.1,Standard
ORD-20969,2026-03-17,2026-03-21,CUST-043,PRD-009,R02,2,0.1,Standard
ORD-20970,2026-03-17,2026-03-19,CUST-066,PRD-011,R02,5,0.05,Express
ORD-20971,2026-03-18,2026-03-22,CUST-033,PRD-005,R01,1,0.1,Standard
ORD-20972,2026-03-19,2026-03-21,CUST-068,PRD-011,R04,2,0.0,Express
ORD-20973,2026-03-19,2026-03-22,CUST-046,PRD-011,R05,6,0.15,Same Day
ORD-20974,2026-03-20,2026-03-24,CUST-019,PRD-010,R03,2,0.0,Standard
ORD-20975,2026-03-21,2026-03-23,CUST-002,PRD-004,R03,2,0.1,Standard
ORD-20976,2026-03-21,2026-03-24,CUST-018,PRD-006,R02,1,0.1,Same Day
ORD-20977,2026-03-22,2026-03-23,CUST-080,PRD-003,R03,3,0.0,Standard
ORD-20978,2026-03-22,2026-03-24,CUST-061,PRD-010,R05,5,0.1,Standard
ORD-20979,2026-03-24,2026-03-30,CUST-071,PRD-011,R05,5,0.15,Express
ORD-20980,2026-03-25,2026-03-29,CUST-067,PRD-002,R04,3,0.0,Standard
ORD-20981,2026-03-26,2026-03-30,CUST-050,PRD-010,R05,3,0.05,Express
ORD-20982,2026-03-26,2026-03-31,CUST-018,PRD-010,R02,1,0.0,Standard
ORD-20983,2026-03-27,2026-04-02,CUST-033,PRD-001,R01,1,0.05,Express
ORD-20984,2026-03-28,2026-04-03,CUST-017,PRD-011,R04,3,0.0,Standard
ORD-20985,2026-03-29,2026-03-30,CUST-072,PRD-006,R02,4,0.05,Express
ORD-20986,2026-03-29,2026-04-04,CUST-020,PRD-003,R04,2,0.0,Standard
ORD-20987,2026-03-30,2026-04-01,CUST-065,PRD-001,R05,2,0.0,Same Day
ORD-20988,2026-03-30,2026-04-04,CUST-012,PRD-010,R01,9,0.1,Standard
ORD-20989,2026-03-30,2026-03-31,CUST-032,PRD-004,R04,4,0.0,Express
ORD-20990,2026-03-30,2026-04-02,CUST-034,PRD-006,R02,1,0.15,Standard
ORD-20991,2026-03-30,2026-04-01,CUST-059,PRD-003,R04,4,0.0,Express
ORD-20992,2026-03-30,2026-04-05,CUST-041,PRD-008,R02,3,0.0,Standard
ORD-20993,2026-03-31,2026-04-03,CUST-067,PRD-004,R04,3,0.15,Standard
ORD-20994,2026-04-01,2026-04-06,CUST-051,PRD-010,R02,4,0.0,Express
ORD-20995,2026-04-03,2026-04-06,CUST-001,PRD-009,R03,1,0.05,Standard
ORD-20996,2026-04-03,2026-04-05,CUST-005,PRD-010,R02,7,0.15,Standard
ORD-20997,2026-04-04,2026-04-09,CUST-034,PRD-003,R02,3,0.15,Same Day
ORD-20998,2026-04-06,2026-04-12,CUST-016,PRD-001,R05,2,0.05,Standard
ORD-20999,2026-04-07,2026-04-13,CUST-019,PRD-011,R03,2,0.0,Standard
ORD-21000,2026-04-08,2026-04-10,CUST-010,PRD-012,R02,5,0.0,Express
ORD-21001,2026-04-08,2026-04-13,CUST-078,PRD-009,R04,2,0.0,Standard
ORD-21002,2026-04-09,2026-04-14,CUST-022,PRD-012,R03,5,0.0,Standard
ORD-21003,2026-04-10,2026-04-13,CUST-055,PRD-010,R04,1,0.0,Standard
ORD-21004,2026-04-10,2026-04-15,CUST-015,PRD-008,R01,2,0.0,Standard
ORD-21005,2026-04-10,2026-04-14,CUST-011,PRD-005,R04,2,0.0,Same Day
ORD-21006,2026-04-11,2026-04-17,CUST-075,PRD-004,R01,2,0.1,Express
ORD-21007,2026-04-13,2026-04-15,CUST-039,PRD-006,R03,2,0.0,Express
ORD-21008,2026-04-14,2026-04-18,CUST-030,PRD-003,R01,1,0.05,Standard
ORD-21009,2026-04-16,2026-04-17,CUST-016,PRD-005,R05,2,0.0,Express
ORD-21010,2026-04-18,2026-04-24,CUST-012,PRD-006,R01,2,0.05,Express
ORD-21011,2026-04-20,2026-04-22,CUST-005,PRD-001,R02,2,0.05,Standard
ORD-21012,2026-04-21,2026-04-22,CUST-054,PRD-004,R03,1,0.0,Express
ORD-21013,2026-04-22,2026-04-27,CUST-009,PRD-003,R03,5,0.1,Same Day
ORD-21014,2026-04-23,2026-04-24,CUST-078,PRD-008,R04,4,0.05,Express
ORD-21015,2026-04-24,2026-04-25,CUST-024,PRD-010,R02,1,0.1,Same Day
ORD-21016,2026-04-25,2026-04-27,CUST-064,PRD-008,R03,1,0.05,Standard
ORD-21017,2026-04-25,2026-04-28,CUST-025,PRD-009,R03,2,0.1,Standard
ORD-21018,2026-04-26,2026-04-30,CUST-052,PRD-008,R05,1,0.1,Standard
ORD-21019,2026-04-27,2026-05-01,CUST-051,PRD-003,R02,5,0.05,Standard
ORD-21020,2026-04-28,2026-05-01,CUST-031,PRD-004,R04,4,0.0,Express
ORD-21021,2026-04-28,2026-05-04,CUST-017,PRD-011,R04,4,0.0,Standard
ORD-21022,2026-04-29,2026-04-30,CUST-033,PRD-012,R01,4,0.0,Express
ORD-21023,2026-04-30,2026-04-28,CUST-027,PRD-003,R05,1,0.05,Express
ORD-21024,2026-04-30,2026-05-02,CUST-025,PRD-001,R03,2,0.05,Express
ORD-21025,2026-05-03,2026-05-04,CUST-019,PRD-012,R03,5,0.1,Standard
ORD-21026,2026-05-05,2026-05-09,CUST-065,PRD-011,R05,3,0.0,Standard
ORD-21027,2026-05-06,2026-05-11,CUST-029,PRD-008,R05,4,0.0,Express
ORD-21028,2026-05-06,2026-05-09,CUST-065,PRD-010,R05,1,0.05,Express
ORD-21029,2026-05-06,2026-05-10,CUST-051,PRD-008,R02,2,0.05,Standard
ORD-21030,2026-05-08,2026-05-13,CUST-040,PRD-011,R04,5,0.0,Standard
ORD-21031,2026-05-08,2026-05-13,CUST-058,PRD-003,R02,1,0.0,Standard
ORD-21032,2026-05-09,2026-05-12,CUST-069,PRD-005,R04,1,0.0,Standard
ORD-21033,2026-05-10,2026-05-15,CUST-012,PRD-009,R01,2,0.0,Same Day
ORD-21034,2026-05-10,2026-05-16,CUST-053,PRD-003,R03,4,0.0,Standard
ORD-21035,2026-05-11,2026-05-14,CUST-022,PRD-010,R03,9,0.0,Same Day
ORD-21036,2026-05-11,2026-05-16,CUST-055,PRD-003,R04,1,0.0,Express
ORD-21037,2026-05-12,2026-05-17,CUST-040,PRD-010,R04,5,0.0,Standard
ORD-21038,2026-05-13,2026-05-16,CUST-022,PRD-010,R03,1,0.0,Express
ORD-21039,2026-05-14,2026-05-17,CUST-030,PRD-005,R01,1,0.0,Express
ORD-21040,2026-05-14,2026-05-17,CUST-020,PRD-012,R04,3,0.0,Standard
ORD-21041,2026-05-14,2026-05-20,CUST-055,PRD-008,R04,2,0.05,Standard
ORD-21042,2026-05-15,2026-05-17,CUST-019,PRD-010,R03,7,0.05,Standard
ORD-21043,2026-05-16,2026-05-18,CUST-071,PRD-001,R05,1,0.05,Standard
ORD-21044,2026-05-16,2026-05-18,CUST-074,PRD-002,R02,2,0.0,Same Day
ORD-21045,2026-05-17,2026-05-19,CUST-017,PRD-010,R04,7,0.0,Express
ORD-21046,2026-05-17,2026-05-20,CUST-065,PRD-012,R05,3,0.0,Express
ORD-21047,2026-05-17,2026-05-22,CUST-039,PRD-008,R03,1,0.0,Standard
ORD-21048,2026-05-20,2026-05-23,CUST-072,PRD-011,R02,4,0.15,Express
ORD-21049,2026-05-21,2026-05-22,CUST-045,PRD-001,R02,1,0.1,Express
ORD-21050,2026-05-21,2026-05-23,CUST-066,PRD-011,R02,1,0.05,Standard
ORD-21051,2026-05-22,2026-05-25,CUST-073,PRD-011,R02,4,0.05,Standard
ORD-21052,2026-05-23,2026-05-26,CUST-065,PRD-008,R05,1,0.05,Express
ORD-21053,2026-05-24,2026-05-27,CUST-033,PRD-005,R01,1,0.1,Standard
ORD-21054,2026-05-27,2026-05-28,CUST-035,PRD-010,R04,4,0.0,Standard
ORD-21055,2026-05-27,2026-05-30,CUST-025,PRD-003,R03,1,0.1,Standard
ORD-21056,2026-05-28,2026-06-03,CUST-062,PRD-009,R01,2,0.05,Standard
ORD-21057,2026-05-28,2026-05-31,CUST-006,PRD-010,R01,8,0.0,Standard
ORD-21058,2026-05-28,2026-06-01,CUST-014,PRD-007,R01,1,0.0,Standard
ORD-21059,2026-05-29,2026-06-03,CUST-014,PRD-003,R01,5,0.0,Express
ORD-21060,2026-05-30,2026-05-31,CUST-053,PRD-001,R03,1,0.0,Express
ORD-21061,2026-05-30,2026-06-03,CUST-037,PRD-003,R03,5,0.15,Express
ORD-21062,2026-05-30,2026-06-01,CUST-004,PRD-011,R02,3,0.1,Express
ORD-21063,2026-05-31,2026-06-03,CUST-033,PRD-003,R01,4,0.0,Standard
ORD-21064,2026-05-31,2026-06-02,CUST-078,PRD-002,R04,2,0.0,Standard
ORD-21065,2026-06-01,2026-06-02,CUST-027,PRD-003,R05,5,0.0,Express
ORD-21066,2026-06-01,2026-06-02,CUST-071,PRD-006,R05,2,0.0,Standard
ORD-21067,2026-06-02,2026-06-06,CUST-030,PRD-008,R01,1,0.0,Standard
ORD-21068,2026-06-02,2026-06-05,CUST-014,PRD-011,R01,6,0.05,Express
ORD-21069,2026-06-03,2026-06-04,CUST-004,PRD-011,R02,4,0.0,Standard
ORD-21070,2026-06-04,2026-06-06,CUST-062,PRD-012,R01,5,0.05,Standard
ORD-21071,2026-06-04,2026-06-09,CUST-039,PRD-011,R03,2,0.0,Express
ORD-21072,2026-06-04,2026-06-05,CUST-066,PRD-006,R02,1,0.15,Express
ORD-21073,2026-06-05,2026-06-11,CUST-054,PRD-002,R03,2,0.05,Standard
ORD-21074,2026-06-06,2026-06-11,CUST-004,PRD-012,R02,3,0.0,Standard
ORD-21075,2026-06-06,2026-06-10,CUST-048,PRD-003,R02,3,0.1,Express
ORD-21076,2026-06-07,2026-06-10,CUST-046,PRD-008,R05,1,0.0,Standard
ORD-21077,2026-06-07,2026-06-09,CUST-012,PRD-003,R01,5,0.0,Standard
ORD-21078,2026-06-08,2026-06-13,CUST-034,PRD-010,R02,4,0.0,Express
ORD-21079,2026-06-09,2026-06-12,CUST-031,PRD-003,R04,3,0.0,Express
ORD-21080,2026-06-11,2026-06-14,CUST-050,PRD-005,R05,1,0.0,Express
ORD-21081,2026-06-11,2026-06-16,CUST-054,PRD-003,R03,3,0.0,Standard
ORD-21082,2026-06-13,2026-06-17,CUST-071,PRD-011,R05,1,0.0,Express
ORD-21083,2026-06-14,2026-06-15,CUST-005,PRD-008,R02,3,0.15,Standard
ORD-21084,2026-06-15,2026-06-17,CUST-058,PRD-008,R02,1,0.0,Standard
ORD-21085,2026-06-18,2026-06-22,CUST-019,PRD-004,R03,2,0.0,Express
ORD-21086,2026-06-19,2026-06-22,CUST-017,PRD-003,R04,1,0.0,Standard
ORD-21087,2026-06-21,2026-06-23,CUST-028,PRD-011,R01,1,0.0,Standard
ORD-21088,2026-06-21,2026-06-24,CUST-045,PRD-010,R02,7,0.0,Express
ORD-21089,2026-06-22,2026-06-25,CUST-002,PRD-010,R03,10,0.0,Standard
ORD-21090,2026-06-22,2026-06-25,CUST-045,PRD-012,R02,1,0.05,Express
ORD-21091,2026-06-22,2026-06-24,CUST-066,PRD-007,R02,1,0.0,Standard
ORD-21092,2026-06-22,2026-06-27,CUST-001,PRD-003,R03,5,0.0,Express
ORD-21093,2026-06-23,2026-06-27,CUST-070,PRD-008,R03,4,0.05,Express
ORD-21094,2026-06-23,2026-06-25,CUST-011,PRD-003,R04,5,0.05,Express
ORD-21095,2026-06-24,2026-06-29,CUST-067,PRD-006,R04,1,0.0,Express
ORD-21096,2026-06-24,2026-06-26,CUST-029,PRD-006,R05,2,0.0,Standard
ORD-21097,2026-06-25,2026-06-27,CUST-030,PRD-007,R01,1,0.05,Standard
ORD-21098,2026-06-25,2026-06-28,CUST-015,PRD-012,R01,4,0.0,Standard
ORD-21099,2026-06-25,2026-07-01,CUST-045,PRD-010,R02,4,0.1,Standard
ORD-21100,2026-06-26,2026-07-01,CUST-019,PRD-005,R03,2,0.0,Express
ORD-21101,2026-06-27,2026-07-01,CUST-016,PRD-010,R05,3,0.0,Standard
ORD-21102,2026-06-27,2026-07-03,CUST-055,PRD-011,R04,1,0.0,Same Day
ORD-21103,2026-06-28,2026-07-04,CUST-059,PRD-010,R04,4,0.0,Standard
ORD-21104,2026-06-28,2026-07-02,CUST-077,PRD-007,R05,2,0.1,Express
ORD-21105,2026-06-29,2026-07-05,CUST-044,PRD-011,R01,3,0.0,Standard
ORD-21106,2026-06-29,2026-07-02,CUST-037,PRD-006,R03,2,0.1,Express
ORD-21107,2026-06-29,2026-07-02,CUST-056,PRD-002,R04,2,0.1,Express
ORD-21108,2026-06-29,2026-07-03,CUST-052,PRD-003,R05,2,0.15,Standard
ORD-21109,2026-07-01,2026-07-07,CUST-074,PRD-009,R02,1,0.0,Express
ORD-21110,2026-07-01,2026-07-06,CUST-061,PRD-004,R05,2,0.0,Express
ORD-21111,2026-07-02,2026-07-08,CUST-072,PRD-005,R02,1,0.0,Standard
ORD-21112,2026-07-02,2026-07-04,CUST-054,PRD-005,R03,1,0.0,Standard
ORD-21113,2026-07-03,2026-07-06,CUST-075,PRD-003,R01,2,0.15,Standard
ORD-21114,2026-07-06,2026-07-11,CUST-053,PRD-002,R03,2,0.05,Same Day
ORD-21115,2026-07-06,2026-07-12,CUST-044,PRD-001,R01,1,0.0,Standard
ORD-21116,2026-07-09,2026-07-14,CUST-001,PRD-009,R03,1,0.0,Standard
ORD-21117,2026-07-09,2026-07-15,CUST-023,PRD-004,R04,4,0.05,Standard
ORD-21118,2026-07-10,2026-07-13,CUST-070,PRD-006,R03,2,0.05,Same Day
ORD-21119,2026-07-10,2026-07-14,CUST-054,PRD-012,R03,2,0.0,Same Day
ORD-21120,2026-07-10,2026-07-11,CUST-013,PRD-008,R02,4,0.05,Standard
ORD-21121,2026-07-11,2026-07-13,CUST-004,PRD-010,R02,2,0.0,Standard
ORD-21122,2026-07-11,2026-07-15,CUST-015,PRD-010,R01,4,0.0,Express
ORD-21123,2026-07-12,2026-07-14,CUST-016,PRD-012,R05,5,0.0,Standard
ORD-21124,2026-07-12,2026-07-14,CUST-041,PRD-001,R02,1,0.15,Express
ORD-21125,2026-07-12,2026-07-13,CUST-022,PRD-004,R03,1,0.0,Express
ORD-21126,2026-07-12,2026-07-15,CUST-047,PRD-012,R03,5,0.05,Express
ORD-21127,2026-07-13,2026-07-15,CUST-059,PRD-006,R04,4,0.0,Same Day
ORD-21128,2026-07-13,2026-07-17,CUST-061,PRD-012,R05,3,0.0,Express
ORD-21129,2026-07-14,2026-07-18,CUST-063,PRD-003,R02,2,0.05,Same Day
ORD-21130,2026-07-15,2026-07-21,CUST-024,PRD-001,R02,2,0.05,Express
ORD-21131,2026-07-16,2026-07-20,CUST-075,PRD-011,R01,2,0.15,Standard
ORD-21132,2026-07-17,2026-07-18,CUST-076,PRD-005,R02,1,0.0,Express
ORD-21133,2026-07-18,2026-07-21,CUST-007,PRD-006,R04,3,0.0,Express
ORD-21134,2026-07-19,2026-07-20,CUST-051,PRD-012,R02,4,0.0,Standard
ORD-21135,2026-07-19,2026-07-23,CUST-034,PRD-003,R02,2,0.0,Standard
ORD-21136,2026-07-19,2026-07-23,CUST-068,PRD-012,R04,2,0.1,Standard
ORD-21137,2026-07-20,2026-07-26,CUST-055,PRD-004,R04,3,0.0,Express
ORD-21138,2026-07-21,2026-07-27,CUST-039,PRD-003,R03,3,0.0,Standard
ORD-21139,2026-07-21,2026-07-27,CUST-029,PRD-003,R05,1,0.0,Standard
ORD-21140,2026-07-22,2026-07-23,CUST-006,PRD-006,R01,2,0.05,Express
ORD-21141,2026-07-22,2026-07-23,CUST-029,PRD-006,R05,3,0.0,Same Day
ORD-21142,2026-07-22,2026-07-26,CUST-001,PRD-011,R03,1,0.0,Express
ORD-21143,2026-07-23,2026-07-29,CUST-077,PRD-001,R05,2,0.05,Express
ORD-21144,2026-07-23,2026-07-24,CUST-052,PRD-001,R05,2,0.0,Express
ORD-21145,2026-07-24,2026-07-29,CUST-044,PRD-002,R01,3,0.1,Standard
ORD-21146,2026-07-24,2026-07-28,CUST-035,PRD-008,R04,3,0.0,Express
ORD-21147,2026-07-28,2026-08-01,CUST-052,PRD-010,R05,9,0.0,Express
ORD-21148,2026-07-29,2026-07-30,CUST-036,PRD-006,R01,4,0.0,Standard
ORD-21149,2026-07-29,2026-08-01,CUST-073,PRD-008,R02,1,0.15,Standard
ORD-21150,2026-07-30,2026-08-03,CUST-027,PRD-009,R05,1,0.0,Express
ORD-21151,2026-07-30,2026-08-04,CUST-036,PRD-001,R01,1,0.0,Express
ORD-21152,2026-07-30,2026-08-02,CUST-015,PRD-003,R01,2,0.0,Same Day
ORD-21153,2026-07-31,2026-08-05,CUST-058,PRD-012,R02,4,0.0,Standard
ORD-21154,2026-07-31,2026-08-04,CUST-038,PRD-004,R04,1,0.0,Standard
ORD-21155,2026-07-31,2026-08-05,CUST-023,PRD-012,R04,1,0.15,Standard
ORD-21156,2026-08-01,2026-08-03,CUST-021,PRD-006,R02,2,0.15,Standard
ORD-21157,2026-08-01,2026-08-07,CUST-069,PRD-003,R04,4,0.0,Standard
ORD-21158,2026-08-01,2026-08-02,CUST-072,PRD-001,R02,1,0.15,Standard
ORD-21159,2026-08-03,2026-08-04,CUST-017,PRD-003,R04,4,0.0,Same Day
ORD-21160,2026-08-03,2026-08-05,CUST-015,PRD-004,R01,1,0.05,Standard
ORD-21161,2026-08-03,2026-08-04,CUST-047,PRD-005,R03,1,0.0,Standard
ORD-21162,2026-08-03,2026-08-05,CUST-078,PRD-005,R04,1,0.0,Express
ORD-21163,2026-08-05,2026-08-09,CUST-048,PRD-007,R02,1,0.0,Standard
ORD-21164,2026-08-06,2026-08-07,CUST-069,PRD-006,R04,2,0.0,Standard
ORD-21165,2026-08-07,2026-08-09,CUST-062,PRD-001,R01,1,0.15,Express
ORD-21166,2026-08-07,2026-08-09,CUST-031,PRD-003,R04,5,0.0,Standard
ORD-21167,2026-08-07,2026-08-13,CUST-023,PRD-012,R04,4,0.0,Standard
ORD-21168,2026-08-09,2026-08-13,CUST-062,PRD-001,R01,1,0.0,Express
ORD-21169,2026-08-09,2026-08-13,CUST-046,PRD-010,R05,8,0.05,Express
ORD-21170,2026-08-11,2026-08-14,CUST-047,PRD-006,R03,4,0.0,Same Day
ORD-21171,2026-08-13,2026-08-17,CUST-004,PRD-010,R02,2,0.0,Standard
ORD-21172,2026-08-15,2026-08-20,CUST-038,PRD-004,R04,1,0.0,Standard
ORD-21173,2026-08-16,2026-08-22,CUST-062,PRD-004,R01,1,0.15,Standard
ORD-21174,2026-08-17,2026-08-20,CUST-065,PRD-006,R05,1,0.0,Express
ORD-21175,2026-08-18,2026-08-21,CUST-044,PRD-011,R01,2,0.0,Standard
ORD-21176,2026-08-18,2026-08-22,CUST-067,PRD-004,R04,4,0.05,Standard
ORD-21177,2026-08-19,2026-08-23,CUST-065,PRD-002,R05,1,0.0,Standard
ORD-21178,2026-08-20,2026-08-25,CUST-017,PRD-001,R04,1,0.05,Standard
ORD-21179,2026-08-22,2026-08-24,CUST-058,PRD-011,R02,2,0.15,Standard
ORD-21180,2026-08-22,2026-08-28,CUST-073,PRD-004,R02,1,0.05,Standard
ORD-21181,2026-08-23,2026-08-24,CUST-039,PRD-002,R03,3,0.0,Standard
ORD-21182,2026-08-23,2026-08-27,CUST-003,PRD-008,R02,3,0.15,Express
ORD-21183,2026-08-23,2026-08-29,CUST-079,PRD-011,R01,4,0.0,Standard
ORD-21184,2026-08-23,2026-08-24,CUST-001,PRD-008,R03,2,0.0,Express
ORD-21185,2026-08-24,2026-08-30,CUST-008,PRD-002,R02,3,0.1,Standard
ORD-21186,2026-08-24,2026-08-27,CUST-039,PRD-005,R03,1,0.15,Standard
ORD-21187,2026-08-24,2026-08-30,CUST-027,PRD-003,R05,5,0.05,Same Day
ORD-21188,2026-08-24,2026-08-25,CUST-025,PRD-001,R03,2,0.0,Express
ORD-21189,2026-08-25,2026-08-31,CUST-075,PRD-012,R01,5,0.0,Express
ORD-21190,2026-08-25,2026-08-29,CUST-034,PRD-006,R02,3,0.0,Standard
ORD-21191,2026-08-25,2026-08-30,CUST-007,PRD-002,R04,2,0.0,Same Day
ORD-21192,2026-08-25,2026-08-26,CUST-039,PRD-011,R03,2,0.1,Express
ORD-21193,2026-08-26,2026-08-29,CUST-022,PRD-012,R03,2,0.0,Standard
ORD-21194,2026-08-27,2026-08-31,CUST-038,PRD-010,R04,6,0.1,Standard
ORD-21195,2026-08-28,2026-08-30,CUST-067,PRD-003,R04,2,0.05,Standard
ORD-21196,2026-08-28,2026-08-29,CUST-073,PRD-003,R02,3,0.05,Standard
ORD-21197,2026-08-29,2026-09-02,CUST-057,PRD-006,R03,2,0.1,Standard
ORD-21198,2026-08-29,2026-09-04,CUST-074,PRD-008,R02,4,0.0,Standard
ORD-21199,2026-08-31,2026-09-02,CUST-018,PRD-011,R02,6,0.05,Standard
ORD-21200,2026-08-31,2026-09-01,CUST-028,PRD-999,R01,1,0.0,Standard
