OrderID,OrderDate,CustomerID,ProductID,Quantity,Discount,ShipMode
ORD-10001,2025-01-01,C019,P012,4,0.1,Standard
ORD-10002,2025-01-02,C036,P002,3,0.0,Standard
ORD-10003,2025-01-02,C019,P009,1,0.0,Standard
ORD-10004,2025-01-02,C016,P005,1,0.0,Standard
ORD-10005,2025-01-04,C010,P004,2,0.0,Express
ORD-10006,2025-01-04,C056,P011,4,0.05,Standard
ORD-10007,2025-01-04,C057,P012,1,0.05,Express
ORD-10008,2025-01-05,C007,P011,6,0.05,Standard
ORD-10009,2025-01-07,C022,P003,2,0.0,Standard
ORD-10010,2025-01-07,C034,P003,2,0.05,Standard
ORD-10011,2025-01-08,C023,P009,1,0.0,Express
ORD-10012,2025-01-09,C044,P003,5,0.0,Standard
ORD-10013,2025-01-11,C016,P010,3,0.15,Standard
ORD-10014,2025-01-11,C004,P007,2,0.1,Standard
ORD-10015,2025-01-12,C021,P007,1,0.15,Express
ORD-10016,2025-01-13,C036,P010,9,0.15,Standard
ORD-10017,2025-01-14,C011,P010,2,0.05,Express
ORD-10018,2025-01-15,C049,P001,1,0.15,Express
ORD-10019,2025-01-15,C001,P001,2,0.0,Express
ORD-10020,2025-01-15,C005,P008,4,0.0,Standard
ORD-10021,2025-01-16,C031,P006,3,0.0,Standard
ORD-10022,2025-01-17,C031,P003,1,0.0,Standard
ORD-10023,2025-01-18,C018,P005,2,0.0,Standard
ORD-10024,2025-01-19,C016,P010,4,0.0,Express
ORD-10025,2025-01-20,C005,P010,10,0.05,Standard
ORD-10026,2025-01-21,C040,P007,2,0.1,Standard
ORD-10027,2025-01-21,C023,P004,4,0.05,Standard
ORD-10028,2025-01-24,C008,P003,4,0.0,Standard
ORD-10029,2025-01-25,C024,P006,3,0.05,Standard
ORD-10030,2025-01-25,C057,P004,3,0.0,Express
ORD-10031,2025-01-25,C016,P007,1,0.0,Standard
ORD-10032,2025-01-26,C054,P009,1,0.0,Same Day
ORD-10033,2025-01-29,C016,P001,2,0.0,Express
ORD-10034,2025-01-30,C012,P001,2,0.0,Standard
ORD-10035,2025-01-30,C016,P003,3,0.1,Standard
ORD-10036,2025-01-30,C020,P011,5,0.1,Standard
ORD-10037,2025-01-31,C008,P009,1,0.05,Standard
ORD-10038,2025-02-02,C036,P003,3,0.0,Standard
ORD-10039,2025-02-02,C021,P011,4,0.1,Express
ORD-10040,2025-02-03,C044,P006,4,0.05,Express
ORD-10041,2025-02-03,C030,P006,2,0.0,Standard
ORD-10042,2025-02-04,C027,P012,2,0.05,Standard
ORD-10043,2025-02-05,C029,P001,1,0.0,Standard
ORD-10044,2025-02-06,C010,P003,1,0.0,Same Day
ORD-10045,2025-02-06,C043,P008,3,0.0,Standard
ORD-10046,2025-02-08,C007,P003,4,0.0,Express
ORD-10047,2025-02-09,C044,P009,2,0.0,Express
ORD-10048,2025-02-09,C060,P003,5,0.0,Standard
ORD-10049,2025-02-09,C046,P002,1,0.0,Standard
ORD-10050,2025-02-09,C028,P003,2,0.15,Standard
ORD-10051,2025-02-10,C019,P005,1,0.0,Express
ORD-10052,2025-02-10,C053,P003,2,0.0,Standard
ORD-10053,2025-02-11,C016,P002,3,0.0,Express
ORD-10054,2025-02-11,C029,P011,1,0.1,Express
ORD-10055,2025-02-11,C047,P004,1,0.05,Express
ORD-10056,2025-02-12,C056,P004,4,0.15,Standard
ORD-10057,2025-02-12,C056,P001,2,0.0,Standard
ORD-10058,2025-02-13,C006,P004,1,0.0,Express
ORD-10059,2025-02-14,C054,P003,2,0.05,Standard
ORD-10060,2025-02-14,C007,P008,3,0.0,Express
ORD-10061,2025-02-14,C036,P003,3,0.1,Standard
ORD-10062,2025-02-16,C056,P011,6,0.1,Standard
ORD-10063,2025-02-16,C040,P012,3,0.0,Express
ORD-10064,2025-02-18,C057,P002,1,0.15,Standard
ORD-10065,2025-02-20,C021,P002,2,0.05,Standard
ORD-10066,2025-02-22,C019,P002,2,0.0,Standard
ORD-10067,2025-02-23,C020,P008,3,0.0,Standard
ORD-10068,2025-02-24,C022,P002,2,0.0,Express
ORD-10069,2025-02-24,C041,P011,6,0.1,Standard
ORD-10070,2025-02-25,C028,P010,9,0.0,Standard
ORD-10071,2025-02-27,C045,P010,3,0.0,Standard
ORD-10072,2025-02-27,C025,P006,2,0.05,Same Day
ORD-10073,2025-03-04,C019,P012,4,0.0,Standard
ORD-10074,2025-03-06,C012,P001,1,0.0,Same Day
ORD-10075,2025-03-09,C034,P005,1,0.05,Express
ORD-10076,2025-03-09,C054,P004,1,0.0,Standard
ORD-10077,2025-03-09,C052,P012,2,0.0,Express
ORD-10078,2025-03-09,C016,P007,2,0.0,Express
ORD-10079,2025-03-10,C029,P010,9,0.0,Standard
ORD-10080,2025-03-11,C043,P003,4,0.0,Standard
ORD-10081,2025-03-14,C037,P012,2,0.1,Express
ORD-10082,2025-03-15,C005,P006,1,0.15,Express
ORD-10083,2025-03-15,C036,P006,1,0.0,Express
ORD-10084,2025-03-15,C003,P012,2,0.15,Same Day
ORD-10085,2025-03-16,C007,P004,3,0.05,Standard
ORD-10086,2025-03-17,C040,P004,4,0.05,Express
ORD-10087,2025-03-17,C007,P008,4,0.05,Express
ORD-10088,2025-03-17,C021,P002,1,0.05,Standard
ORD-10089,2025-03-17,C036,P004,3,0.1,Standard
ORD-10090,2025-03-18,C040,P003,2,0.0,Standard
ORD-10091,2025-03-19,C027,P002,1,0.0,Express
ORD-10092,2025-03-20,C006,P011,4,0.0,Standard
ORD-10093,2025-03-20,C048,P008,1,0.0,Express
ORD-10094,2025-03-21,C057,P004,2,0.05,Standard
ORD-10095,2025-03-21,C054,P005,2,0.0,Standard
ORD-10096,2025-03-22,C045,P005,1,0.0,Express
ORD-10097,2025-03-22,C025,P008,3,0.0,Standard
ORD-10098,2025-03-23,C053,P012,3,0.0,Express
ORD-10099,2025-03-24,C030,P012,4,0.05,Standard
ORD-10100,2025-03-25,C009,P004,1,0.05,Same Day
ORD-10101,2025-03-25,C052,P004,1,0.0,Standard
ORD-10102,2025-03-25,C020,P006,3,0.0,Same Day
ORD-10103,2025-03-26,C057,P007,1,0.0,Express
ORD-10104,2025-03-28,C023,P006,3,0.0,Standard
ORD-10105,2025-03-28,C053,P009,1,0.05,Standard
ORD-10106,2025-03-29,C033,P007,2,0.05,Standard
ORD-10107,2025-03-29,C029,P004,4,0.0,Standard
ORD-10108,2025-03-29,C018,P004,1,0.0,Express
ORD-10109,2025-03-30,C051,P004,2,0.15,Standard
ORD-10110,2025-03-30,C004,P002,3,0.1,Standard
ORD-10111,2025-03-30,C029,P002,2,0.0,Standard
ORD-10112,2025-04-01,C023,P010,2,0.0,Standard
ORD-10113,2025-04-02,C033,P004,1,0.0,Express
ORD-10114,2025-04-02,C016,P003,4,0.15,Standard
ORD-10115,2025-04-02,C040,P007,2,0.0,Express
ORD-10116,2025-04-03,C024,P010,4,0.0,Same Day
ORD-10117,2025-04-04,C012,P003,3,0.15,Standard
ORD-10118,2025-04-04,C012,P010,8,0.05,Standard
ORD-10119,2025-04-04,C042,P012,1,0.0,Standard
ORD-10120,2025-04-04,C016,P008,1,0.0,Standard
ORD-10121,2025-04-05,C019,P009,2,0.0,Standard
ORD-10122,2025-04-05,C038,P001,1,0.05,Same Day
ORD-10123,2025-04-06,C020,P012,4,0.0,Express
ORD-10124,2025-04-06,C024,P004,2,0.15,Standard
ORD-10125,2025-04-07,C015,P012,5,0.15,Express
ORD-10126,2025-04-07,C021,P007,1,0.0,Standard
ORD-10127,2025-04-08,C042,P001,2,0.05,Express
ORD-10128,2025-04-08,C033,P001,1,0.0,Standard
ORD-10129,2025-04-09,C060,P009,1,0.0,Express
ORD-10130,2025-04-09,C047,P007,2,0.05,Same Day
ORD-10131,2025-04-09,C002,P001,2,0.0,Express
ORD-10132,2025-04-10,C023,P010,9,0.0,Express
ORD-10133,2025-04-10,C018,P011,1,0.0,Standard
ORD-10134,2025-04-12,C036,P006,1,0.0,Express
ORD-10135,2025-04-12,C016,P006,3,0.0,Standard
ORD-10136,2025-04-13,C058,P001,2,0.05,Express
ORD-10137,2025-04-13,C018,P010,5,0.1,Standard
ORD-10138,2025-04-14,C032,P004,4,0.05,Standard
ORD-10139,2025-04-14,C008,P011,6,0.1,Standard
ORD-10140,2025-04-14,C055,P004,4,0.0,Standard
ORD-10141,2025-04-16,C055,P007,2,0.1,Express
ORD-10142,2025-04-16,C048,P003,4,0.0,Express
ORD-10143,2025-04-16,C022,P002,2,0.0,Same Day
ORD-10144,2025-04-18,C004,P010,7,0.15,Standard
ORD-10145,2025-04-18,C043,P006,3,0.0,Same Day
ORD-10146,2025-04-18,C026,P007,2,0.0,Standard
ORD-10147,2025-04-19,C060,P012,3,0.0,Standard
ORD-10148,2025-04-19,C042,P012,4,0.0,Express
ORD-10149,2025-04-19,C033,P011,5,0.0,Standard
ORD-10150,2025-04-19,C060,P003,5,0.0,Standard
ORD-10151,2025-04-20,C049,P008,3,0.1,Standard
ORD-10152,2025-04-20,C028,P011,1,0.0,Standard
ORD-10153,2025-04-21,C002,P004,3,0.0,Express
ORD-10154,2025-04-22,C006,P002,1,0.0,Standard
ORD-10155,2025-04-23,C027,P010,1,0.1,Standard
ORD-10156,2025-04-23,C034,P006,1,0.0,Standard
ORD-10157,2025-04-23,C002,P007,2,0.0,Standard
ORD-10158,2025-04-23,C008,P012,5,0.0,Express
ORD-10159,2025-04-24,C043,P008,3,0.05,Same Day
ORD-10160,2025-04-25,C046,P005,1,0.1,Express
ORD-10161,2025-04-25,C002,P004,1,0.05,Express
ORD-10162,2025-04-26,C031,P005,2,0.1,Standard
ORD-10163,2025-04-26,C005,P002,1,0.0,Express
ORD-10164,2025-04-27,C044,P010,9,0.0,Standard
ORD-10165,2025-04-28,C051,P011,5,0.0,Standard
ORD-10166,2025-04-28,C053,P003,5,0.0,Express
ORD-10167,2025-04-29,C036,P003,2,0.0,Standard
ORD-10168,2025-04-30,C038,P011,1,0.0,Express
ORD-10169,2025-04-30,C056,P001,1,0.0,Express
ORD-10170,2025-04-30,C037,P006,4,0.05,Same Day
ORD-10171,2025-04-30,C027,P006,1,0.0,Standard
ORD-10172,2025-04-30,C046,P010,9,0.05,Standard
ORD-10173,2025-04-30,C036,P002,1,0.05,Express
ORD-10174,2025-05-01,C051,P009,1,0.0,Standard
ORD-10175,2025-05-01,C032,P004,1,0.0,Standard
ORD-10176,2025-05-03,C053,P008,4,0.05,Express
ORD-10177,2025-05-05,C003,P001,2,0.05,Same Day
ORD-10178,2025-05-06,C003,P006,2,0.0,Express
ORD-10179,2025-05-07,C006,P006,3,0.0,Standard
ORD-10180,2025-05-07,C034,P003,4,0.05,Standard
ORD-10181,2025-05-07,C043,P002,2,0.05,Standard
ORD-10182,2025-05-08,C013,P003,3,0.0,Standard
ORD-10183,2025-05-09,C010,P004,1,0.0,Standard
ORD-10184,2025-05-09,C052,P002,1,0.1,Standard
ORD-10185,2025-05-09,C046,P012,3,0.0,Standard
ORD-10186,2025-05-09,C039,P005,1,0.1,Standard
ORD-10187,2025-05-10,C030,P010,5,0.0,Standard
ORD-10188,2025-05-11,C026,P012,1,0.0,Standard
ORD-10189,2025-05-13,C002,P002,3,0.0,Standard
ORD-10190,2025-05-14,C012,P009,1,0.0,Express
ORD-10191,2025-05-14,C054,P011,1,0.15,Standard
ORD-10192,2025-05-14,C021,P008,3,0.0,Express
ORD-10193,2025-05-15,C043,P005,1,0.15,Standard
ORD-10194,2025-05-16,C043,P005,1,0.0,Standard
ORD-10195,2025-05-17,C019,P001,1,0.1,Standard
ORD-10196,2025-05-17,C013,P007,1,0.15,Standard
ORD-10197,2025-05-17,C042,P012,4,0.05,Standard
ORD-10198,2025-05-18,C006,P012,4,0.0,Express
ORD-10199,2025-05-18,C030,P001,1,0.05,Same Day
ORD-10200,2025-05-19,C054,P010,7,0.0,Standard
ORD-10201,2025-05-19,C043,P003,4,0.15,Standard
ORD-10202,2025-05-20,C046,P011,4,0.0,Express
ORD-10203,2025-05-20,C005,P001,2,0.0,Standard
ORD-10204,2025-05-22,C012,P012,5,0.0,Standard
ORD-10205,2025-05-23,C017,P011,3,0.05,Express
ORD-10206,2025-05-23,C018,P002,2,0.15,Standard
ORD-10207,2025-05-25,C012,P001,2,0.0,Express
ORD-10208,2025-05-25,C059,P011,6,0.05,Standard
ORD-10209,2025-05-25,C010,P002,3,0.15,Standard
ORD-10210,2025-05-28,C043,P007,1,0.0,Standard
ORD-10211,2025-05-28,C036,P011,3,0.0,Express
ORD-10212,2025-05-29,C037,P007,2,0.05,Standard
ORD-10213,2025-05-31,C013,P004,1,0.05,Express
ORD-10214,2025-05-31,C019,P005,2,0.0,Express
ORD-10215,2025-06-01,C037,P001,2,0.1,Express
ORD-10216,2025-06-01,C018,P012,5,0.0,Standard
ORD-10217,2025-06-02,C042,P004,1,0.15,Standard
ORD-10218,2025-06-03,C003,P003,3,0.1,Standard
ORD-10219,2025-06-04,C005,P003,3,0.1,Standard
ORD-10220,2025-06-04,C044,P012,4,0.0,Same Day
ORD-10221,2025-06-04,C038,P002,3,0.0,Standard
ORD-10222,2025-06-04,C003,P011,3,0.0,Express
ORD-10223,2025-06-04,C054,P010,6,0.0,Standard
ORD-10224,2025-06-06,C001,P011,5,0.05,Standard
ORD-10225,2025-06-08,C058,P012,4,0.0,Standard
ORD-10226,2025-06-08,C044,P011,5,0.0,Express
ORD-10227,2025-06-08,C060,P012,2,0.0,Standard
ORD-10228,2025-06-09,C057,P002,3,0.0,Standard
ORD-10229,2025-06-09,C019,P010,1,0.0,Express
ORD-10230,2025-06-11,C046,P007,1,0.05,Standard
ORD-10231,2025-06-11,C013,P007,2,0.1,Standard
ORD-10232,2025-06-14,C029,P011,1,0.0,Standard
ORD-10233,2025-06-15,C015,P012,3,0.1,Standard
ORD-10234,2025-06-16,C030,P010,6,0.1,Standard
ORD-10235,2025-06-16,C053,P006,3,0.0,Standard
ORD-10236,2025-06-21,C027,P006,1,0.05,Express
ORD-10237,2025-06-23,C006,P004,2,0.0,Standard
ORD-10238,2025-06-24,C020,P004,1,0.0,Standard
ORD-10239,2025-06-25,C048,P004,3,0.0,Standard
ORD-10240,2025-06-26,C032,P002,1,0.0,Standard
ORD-10241,2025-06-26,C034,P002,2,0.1,Standard
ORD-10242,2025-06-26,C026,P010,8,0.15,Standard
ORD-10243,2025-06-27,C018,P005,2,0.1,Standard
ORD-10244,2025-06-27,C036,P012,1,0.05,Standard
ORD-10245,2025-06-29,C038,P008,4,0.05,Same Day
ORD-10246,2025-06-29,C054,P001,1,0.15,Express
ORD-10247,2025-06-29,C038,P002,1,0.0,Standard
ORD-10248,2025-06-30,C060,P003,1,0.0,Standard
ORD-10249,2025-07-01,C050,P012,2,0.05,Standard
ORD-10250,2025-07-01,C005,P003,5,0.0,Express
ORD-10251,2025-07-02,C024,P006,1,0.0,Standard
ORD-10252,2025-07-02,C024,P012,4,0.0,Standard
ORD-10253,2025-07-02,C001,P012,3,0.05,Standard
ORD-10254,2025-07-03,C011,P003,1,0.0,Standard
ORD-10255,2025-07-03,C046,P001,1,0.0,Standard
ORD-10256,2025-07-03,C022,P002,1,0.0,Express
ORD-10257,2025-07-04,C009,P001,1,0.0,Same Day
ORD-10258,2025-07-04,C018,P003,3,0.1,Standard
ORD-10259,2025-07-05,C017,P007,2,0.0,Standard
ORD-10260,2025-07-05,C011,P011,2,0.05,Standard
ORD-10261,2025-07-06,C007,P007,2,0.1,Standard
ORD-10262,2025-07-06,C046,P008,3,0.0,Standard
ORD-10263,2025-07-07,C050,P003,2,0.1,Standard
ORD-10264,2025-07-07,C030,P010,5,0.05,Express
ORD-10265,2025-07-10,C037,P008,1,0.05,Same Day
ORD-10266,2025-07-10,C056,P011,6,0.0,Express
ORD-10267,2025-07-10,C051,P012,4,0.0,Express
ORD-10268,2025-07-10,C002,P004,2,0.15,Standard
ORD-10269,2025-07-10,C058,P002,3,0.1,Standard
ORD-10270,2025-07-11,C005,P003,4,0.15,Standard
ORD-10271,2025-07-11,C002,P005,2,0.15,Standard
ORD-10272,2025-07-13,C025,P012,1,0.0,Standard
ORD-10273,2025-07-13,C045,P004,4,0.1,Express
ORD-10274,2025-07-14,C005,P010,10,0.0,Standard
ORD-10275,2025-07-15,C018,P007,2,0.1,Standard
ORD-10276,2025-07-16,C016,P003,5,0.0,Standard
ORD-10277,2025-07-18,C024,P004,4,0.0,Same Day
ORD-10278,2025-07-19,C060,P009,2,0.1,Standard
ORD-10279,2025-07-22,C020,P009,1,0.1,Standard
ORD-10280,2025-07-22,C013,P005,1,0.05,Standard
ORD-10281,2025-07-22,C008,P003,2,0.0,Express
ORD-10282,2025-07-24,C012,P010,3,0.0,Same Day
ORD-10283,2025-07-25,C008,P002,3,0.15,Standard
ORD-10284,2025-07-25,C035,P012,5,0.0,Same Day
ORD-10285,2025-07-27,C026,P003,3,0.0,Standard
ORD-10286,2025-07-27,C030,P002,3,0.05,Express
ORD-10287,2025-07-27,C050,P006,1,0.0,Standard
ORD-10288,2025-07-29,C035,P006,1,0.05,Standard
ORD-10289,2025-07-29,C010,P006,4,0.0,Express
ORD-10290,2025-07-31,C023,P005,1,0.1,Standard
ORD-10291,2025-07-31,C019,P012,3,0.15,Standard
ORD-10292,2025-07-31,C050,P006,2,0.15,Express
ORD-10293,2025-08-01,C019,P006,1,0.05,Same Day
ORD-10294,2025-08-01,C009,P005,2,0.0,Standard
ORD-10295,2025-08-02,C045,P001,2,0.05,Express
ORD-10296,2025-08-03,C026,P008,3,0.1,Express
ORD-10297,2025-08-03,C006,P003,2,0.05,Standard
ORD-10298,2025-08-04,C042,P008,3,0.05,Express
ORD-10299,2025-08-06,C013,P001,2,0.05,Standard
ORD-10300,2025-08-07,C053,P012,4,0.05,Express
ORD-10301,2025-08-07,C050,P006,2,0.05,Standard
ORD-10302,2025-08-08,C023,P011,2,0.0,Standard
ORD-10303,2025-08-08,C034,P006,3,0.0,Standard
ORD-10304,2025-08-08,C035,P001,1,0.05,Standard
ORD-10305,2025-08-09,C040,P010,7,0.0,Express
ORD-10306,2025-08-10,C005,P009,1,0.1,Same Day
ORD-10307,2025-08-11,C020,P010,2,0.05,Standard
ORD-10308,2025-08-12,C011,P005,2,0.0,Standard
ORD-10309,2025-08-12,C042,P008,2,0.1,Standard
ORD-10310,2025-08-12,C005,P011,3,0.05,Standard
ORD-10311,2025-08-12,C032,P008,3,0.1,Standard
ORD-10312,2025-08-13,C044,P004,2,0.0,Express
ORD-10313,2025-08-14,C057,P009,2,0.1,Express
ORD-10314,2025-08-14,C018,P009,1,0.0,Standard
ORD-10315,2025-08-16,C001,P012,4,0.05,Standard
ORD-10316,2025-08-18,C044,P004,1,0.0,Express
ORD-10317,2025-08-18,C001,P005,1,0.05,Standard
ORD-10318,2025-08-18,C004,P010,6,0.05,Standard
ORD-10319,2025-08-19,C060,P006,4,0.05,Standard
ORD-10320,2025-08-20,C052,P010,3,0.0,Standard
ORD-10321,2025-08-21,C043,P006,3,0.1,Standard
ORD-10322,2025-08-21,C051,P003,1,0.05,Express
ORD-10323,2025-08-22,C005,P010,1,0.0,Standard
ORD-10324,2025-08-22,C006,P002,3,0.15,Standard
ORD-10325,2025-08-22,C019,P003,4,0.05,Standard
ORD-10326,2025-08-23,C002,P008,2,0.15,Express
ORD-10327,2025-08-23,C054,P010,7,0.15,Standard
ORD-10328,2025-08-23,C004,P011,3,0.15,Standard
ORD-10329,2025-08-23,C033,P003,2,0.1,Standard
ORD-10330,2025-08-24,C052,P002,2,0.05,Standard
ORD-10331,2025-08-24,C045,P012,2,0.0,Standard
ORD-10332,2025-08-25,C015,P002,3,0.0,Express
ORD-10333,2025-08-25,C029,P003,3,0.1,Standard
ORD-10334,2025-08-25,C033,P003,2,0.0,Standard
ORD-10335,2025-08-26,C047,P006,3,0.1,Standard
ORD-10336,2025-08-26,C026,P011,5,0.0,Express
ORD-10337,2025-08-26,C018,P010,3,0.0,Express
ORD-10338,2025-08-28,C048,P010,10,0.0,Express
ORD-10339,2025-08-29,C054,P003,3,0.0,Standard
ORD-10340,2025-08-29,C030,P004,3,0.0,Express
ORD-10341,2025-08-30,C002,P006,4,0.0,Express
ORD-10342,2025-08-31,C031,P002,2,0.1,Standard
ORD-10343,2025-09-02,C054,P003,1,0.0,Standard
ORD-10344,2025-09-02,C060,P003,4,0.0,Express
ORD-10345,2025-09-03,C025,P002,1,0.0,Standard
ORD-10346,2025-09-03,C010,P007,1,0.0,Express
ORD-10347,2025-09-04,C035,P010,10,0.0,Standard
ORD-10348,2025-09-06,C050,P001,1,0.05,Standard
ORD-10349,2025-09-06,C057,P006,3,0.1,Standard
ORD-10350,2025-09-06,C004,P010,6,0.0,Express
ORD-10351,2025-09-06,C018,P010,3,0.05,Express
ORD-10352,2025-09-07,C029,P010,4,0.0,Standard
ORD-10353,2025-09-07,C006,P005,2,0.0,Standard
ORD-10354,2025-09-08,C054,P010,2,0.1,Standard
ORD-10355,2025-09-08,C007,P003,3,0.0,Standard
ORD-10356,2025-09-08,C040,P004,2,0.1,Same Day
ORD-10357,2025-09-08,C056,P003,5,0.0,Standard
ORD-10358,2025-09-09,C042,P006,1,0.0,Standard
ORD-10359,2025-09-11,C046,P004,4,0.0,Standard
ORD-10360,2025-09-11,C016,P003,3,0.0,Same Day
ORD-10361,2025-09-12,C050,P010,7,0.15,Standard
ORD-10362,2025-09-15,C026,P004,3,0.0,Express
ORD-10363,2025-09-20,C004,P003,2,0.1,Standard
ORD-10364,2025-09-21,C022,P002,3,0.1,Standard
ORD-10365,2025-09-22,C021,P005,1,0.05,Express
ORD-10366,2025-09-23,C032,P003,1,0.0,Standard
ORD-10367,2025-09-23,C016,P004,4,0.0,Express
ORD-10368,2025-09-24,C028,P003,4,0.0,Standard
ORD-10369,2025-09-24,C026,P010,9,0.1,Express
ORD-10370,2025-09-24,C020,P012,3,0.0,Express
ORD-10371,2025-09-25,C042,P006,1,0.15,Express
ORD-10372,2025-09-25,C019,P009,1,0.05,Standard
ORD-10373,2025-09-27,C046,P011,3,0.0,Express
ORD-10374,2025-09-28,C016,P012,2,0.05,Same Day
ORD-10375,2025-09-28,C052,P008,4,0.0,Standard
ORD-10376,2025-09-28,C022,P011,1,0.15,Standard
ORD-10377,2025-09-29,C003,P011,6,0.0,Express
ORD-10378,2025-09-30,C009,P010,3,0.15,Standard
ORD-10379,2025-10-01,C049,P006,1,0.1,Express
ORD-10380,2025-10-01,C053,P002,1,0.1,Express
ORD-10381,2025-10-02,C013,P001,1,0.0,Standard
ORD-10382,2025-10-02,C037,P006,2,0.1,Standard
ORD-10383,2025-10-04,C035,P006,2,0.0,Standard
ORD-10384,2025-10-04,C009,P005,2,0.1,Standard
ORD-10385,2025-10-04,C028,P007,2,0.0,Express
ORD-10386,2025-10-06,C042,P007,1,0.0,Standard
ORD-10387,2025-10-07,C059,P011,1,0.0,Standard
ORD-10388,2025-10-08,C051,P002,1,0.0,Express
ORD-10389,2025-10-08,C006,P003,1,0.0,Standard
ORD-10390,2025-10-08,C015,P010,1,0.1,Express
ORD-10391,2025-10-09,C027,P011,2,0.0,Standard
ORD-10392,2025-10-09,C010,P012,3,0.05,Standard
ORD-10393,2025-10-09,C035,P011,2,0.0,Standard
ORD-10394,2025-10-09,C001,P011,2,0.1,Express
ORD-10395,2025-10-09,C007,P004,2,0.1,Express
ORD-10396,2025-10-09,C003,P005,2,0.0,Express
ORD-10397,2025-10-10,C018,P003,2,0.05,Same Day
ORD-10398,2025-10-10,C046,P008,1,0.15,Express
ORD-10399,2025-10-10,C011,P012,3,0.1,Express
ORD-10400,2025-10-11,C060,P004,1,0.0,Standard
ORD-10401,2025-10-11,C017,P007,1,0.0,Same Day
ORD-10402,2025-10-11,C003,P003,5,0.1,Express
ORD-10403,2025-10-12,C021,P002,2,0.0,Express
ORD-10404,2025-10-12,C045,P003,1,0.1,Standard
ORD-10405,2025-10-12,C007,P001,2,0.0,Standard
ORD-10406,2025-10-13,C005,P012,1,0.1,Express
ORD-10407,2025-10-13,C051,P005,1,0.0,Standard
ORD-10408,2025-10-14,C036,P011,1,0.0,Standard
ORD-10409,2025-10-15,C021,P009,2,0.15,Same Day
ORD-10410,2025-10-15,C046,P003,5,0.1,Standard
ORD-10411,2025-10-15,C051,P003,3,0.1,Standard
ORD-10412,2025-10-16,C022,P010,7,0.15,Standard
ORD-10412,2025-10-16,C022,P010,7,0.15,Standard
ORD-10413,2025-10-16,C034,P003,4,0.0,Standard
ORD-10414,2025-10-16,C001,P011,4,0.0,Express
ORD-10415,2025-10-17,C019,P002,2,0.0,Same Day
ORD-10416,2025-10-17,C036,P009,2,0.0,Same Day
ORD-10417,2025-10-17,C012,P010,8,0.0,Express
ORD-10418,2025-10-18,C060,P003,1,0.15,Express
ORD-10419,2025-10-18,C059,P003,2,0.0,Standard
ORD-10420,2025-10-19,C016,P012,5,0.0,Express
ORD-10421,2025-10-19,C024,P003,3,0.0,Standard
ORD-10422,2025-10-19,C012,P005,1,0.0,Standard
ORD-10423,2025-10-20,C031,P005,2,0.0,Same Day
ORD-10424,2025-10-20,C008,P003,4,0.05,Express
ORD-10425,2025-10-20,C024,P010,6,0.0,Standard
ORD-10426,2025-10-21,C034,P010,5,0.05,Express
ORD-10427,2025-10-21,C037,P004,1,0.1,Standard
ORD-10428,2025-10-21,C036,P011,3,0.05,Standard
ORD-10429,2025-10-21,C014,P003,3,0.05,Standard
ORD-10430,2025-10-22,C048,P001,2,0.0,Standard
ORD-10431,2025-10-23,C042,P007,1,0.0,Standard
ORD-10432,2025-10-23,C046,P012,1,0.0,Standard
ORD-10433,2025-10-24,C029,P001,1,0.15,Standard
ORD-10434,2025-10-25,C054,P003,5,0.05,Standard
ORD-10435,2025-10-26,C024,P006,2,0.0,Same Day
ORD-10436,2025-10-26,C049,P010,4,0.0,Express
ORD-10437,2025-10-27,C013,P002,3,0.1,Express
ORD-10438,2025-10-27,C015,P004,3,0.05,Standard
ORD-10439,2025-10-28,C032,P010,3,0.05,Express
ORD-10440,2025-10-29,C034,P004,4,0.1,Express
ORD-10441,2025-10-29,C045,P003,3,0.05,Standard
ORD-10442,2025-10-29,C018,P003,1,0.05,Standard
ORD-10443,2025-10-30,C053,P005,1,0.0,Standard
ORD-10444,2025-10-30,C020,P006,4,0.0,Standard
ORD-10445,2025-10-30,C033,P011,3,0.15,Standard
ORD-10446,2025-10-31,C056,P009,2,0.05,Standard
ORD-10447,2025-11-01,C033,P010,7,0.0,Standard
ORD-10448,2025-11-03,C041,P012,4,0.05,Express
ORD-10449,2025-11-03,C055,P005,2,0.0,Standard
ORD-10450,2025-11-04,C059,P005,1,0.1,Standard
ORD-10451,2025-11-04,C030,P012,3,0.0,Express
ORD-10452,2025-11-06,C026,P003,3,0.1,Standard
ORD-10453,2025-11-06,C012,P010,2,0.0,Standard
ORD-10454,2025-11-06,C033,P010,7,0.0,Standard
ORD-10455,2025-11-06,C056,P002,1,0.0,Standard
ORD-10456,2025-11-06,C030,P006,2,0.1,Standard
ORD-10457,2025-11-07,C021,P003,2,0.0,Standard
ORD-10458,2025-11-08,C007,P003,1,0.0,Standard
ORD-10459,2025-11-08,C024,P006,4,0.1,Same Day
ORD-10460,2025-11-08,C015,P003,2,0.0,Same Day
ORD-10461,2025-11-09,C059,P010,3,0.0,Standard
ORD-10462,2025-11-09,C032,P011,6,0.0,Standard
ORD-10463,2025-11-09,C009,P010,9,0.1,Standard
ORD-10464,2025-11-10,C005,P003,1,0.0,Express
ORD-10465,2025-11-11,C052,P003,2,0.0,Express
ORD-10466,2025-11-11,C056,P003,4,0.0,Standard
ORD-10467,2025-11-11,C046,P002,3,0.0,Standard
ORD-10468,2025-11-11,C008,P012,5,0.0,Standard
ORD-10469,2025-11-12,C006,P005,2,0.0,Express
ORD-10470,2025-11-12,C012,P003,1,0.0,Express
ORD-10471,2025-11-13,C046,P011,6,0.0,Standard
ORD-10472,2025-11-13,C046,P004,1,0.1,Standard
ORD-10473,2025-11-13,C051,P001,1,0.0,Standard
ORD-10474,2025-11-13,C006,P002,3,0.0,Express
ORD-10475,2025-11-15,C010,P008,3,0.15,Same Day
ORD-10476,2025-11-15,C055,P010,1,0.1,Standard
ORD-10477,2025-11-15,C056,P003,1,0.05,Standard
ORD-10478,2025-11-16,C044,P011,4,0.0,Standard
ORD-10479,2025-11-17,C007,P011,2,0.0,Standard
ORD-10480,2025-11-17,C005,P011,5,0.0,Express
ORD-10481,2025-11-18,C004,P003,3,0.0,Standard
ORD-10482,2025-11-18,C042,P001,2,0.0,Express
ORD-10483,2025-11-18,C051,P011,3,0.05,Standard
ORD-10484,2025-11-18,C038,P003,2,0.0,Standard
ORD-10485,2025-11-19,C016,P008,2,0.05,Standard
ORD-10486,2025-11-19,C046,P010,7,0.0,Standard
ORD-10487,2025-11-19,C004,P002,2,0.0,Standard
ORD-10488,2025-11-22,C050,P010,6,0.1,Express
ORD-10489,2025-11-22,C054,P012,3,0.1,Standard
ORD-10490,2025-11-22,C044,P010,3,0.0,Standard
ORD-10491,2025-11-22,C053,P005,2,0.05,Standard
ORD-10492,2025-11-23,C036,P011,4,0.0,Standard
ORD-10493,2025-11-23,C029,P006,3,0.0,Express
ORD-10494,2025-11-23,C020,P010,9,0.05,Same Day
ORD-10495,2025-11-23,C056,P010,10,0.0,Standard
ORD-10496,2025-11-24,C042,P010,7,0.0,Express
ORD-10497,2025-11-24,C012,P003,4,0.0,Express
ORD-10498,2025-11-25,C058,P002,2,0.0,Same Day
ORD-10499,2025-11-26,C004,P003,4,0.0,Standard
ORD-10500,2025-11-27,C036,P006,2,0.0,Standard
ORD-10501,2025-11-27,C012,P006,3,0.15,Standard
ORD-10502,2025-11-27,C040,P008,1,0.05,Express
ORD-10503,2025-11-29,C025,P004,4,0.0,Express
ORD-10504,2025-11-29,C027,P010,3,0.0,Standard
ORD-10505,2025-11-29,C041,P011,4,0.05,Standard
ORD-10506,2025-11-29,C046,P003,1,0.0,Express
ORD-10507,2025-11-29,C023,P010,2,0.0,Express
ORD-10508,2025-11-30,C060,P009,2,0.1,Standard
ORD-10509,2025-11-30,C030,P006,4,0.0,Express
ORD-10510,2025-12-01,C010,P003,2,0.0,Standard
ORD-10511,2025-12-01,C001,P010,2,0.0,Standard
ORD-10512,2025-12-01,C013,P012,5,0.0,Standard
ORD-10513,2025-12-04,C042,P010,10,0.0,Express
ORD-10514,2025-12-04,C033,P011,2,0.1,Same Day
ORD-10514,2025-12-04,C033,P011,2,0.1,Same Day
ORD-10515,2025-12-05,C021,P012,4,0.0,Standard
ORD-10516,2025-12-05,C029,P004,2,0.05,Standard
ORD-10517,2025-12-05,C051,P008,3,0.05,Standard
ORD-10518,2025-12-06,C035,P006,2,0.0,Standard
ORD-10519,2025-12-06,C004,P012,1,0.0,Standard
ORD-10520,2025-12-06,C003,P002,1,0.0,Standard
ORD-10521,2025-12-07,C029,P005,2,0.05,Standard
ORD-10522,2025-12-08,C025,P011,5,0.0,Standard
ORD-10522,2025-12-08,C025,P011,5,0.0,Standard
ORD-10523,2025-12-08,C052,P003,1,0.05,Standard
ORD-10524,2025-12-09,C035,P010,10,0.1,Express
ORD-10525,2025-12-10,C046,P004,3,0.1,Standard
ORD-10526,2025-12-10,C036,P012,5,0.15,Express
ORD-10527,2025-12-11,C021,P011,6,0.1,Same Day
ORD-10528,2025-12-14,C040,P003,1,0.1,Standard
ORD-10529,2025-12-14,C038,P010,1,0.1,Standard
ORD-10530,2025-12-15,C044,P004,4,0.05,Standard
ORD-10531,2025-12-15,C012,P008,1,0.1,Standard
ORD-10532,2025-12-15,C039,P009,1,0.15,Standard
ORD-10533,2025-12-15,C018,P010,5,0.0,Standard
ORD-10534,2025-12-15,C048,P001,2,0.05,Standard
ORD-10535,2025-12-16,C048,P003,4,0.0,Standard
ORD-10536,2025-12-17,C038,P010,6,0.1,Standard
ORD-10537,2025-12-18,C057,P007,1,0.0,Express
ORD-10538,2025-12-18,C033,P006,2,0.1,Standard
ORD-10539,2025-12-18,C002,P001,2,0.1,Standard
ORD-10540,2025-12-18,C037,P004,1,0.15,Express
ORD-10541,2025-12-20,C047,P011,4,0.0,Standard
ORD-10542,2025-12-20,C007,P001,1,0.05,Express
ORD-10543,2025-12-21,C007,P004,2,0.1,Standard
ORD-10544,2025-12-22,C017,P012,2,0.15,Standard
ORD-10545,2025-12-22,C051,P001,2,0.15,Same Day
ORD-10546,2025-12-23,C032,P010,10,0.05,Standard
ORD-10547,2025-12-26,C059,P003,1,0.05,Standard
ORD-10548,2025-12-28,C053,P011,5,0.0,Same Day
ORD-10549,2025-12-28,C034,P010,7,0.15,Express
ORD-10550,2025-12-28,C041,P011,6,0.0,Express
ORD-10551,2025-12-28,C020,P003,5,0.05,Standard
ORD-10552,2025-12-28,C006,P007,1,0.1,Standard
ORD-10553,2025-12-29,C024,P010,8,0.0,Express
ORD-10554,2025-12-29,C036,P003,3,0.0,Standard
ORD-10555,2025-12-30,C011,P003,1,0.0,Standard
ORD-10556,2025-12-30,C014,P001,1,0.1,Express
ORD-10557,2026-01-02,C001,P012,5,0.0,Standard
ORD-10558,2026-01-02,C045,P010,6,0.0,Standard
ORD-10559,2026-01-03,C054,P008,2,0.05,Standard
ORD-10560,2026-01-04,C050,P010,4,0.0,Standard
ORD-10561,2026-01-05,C023,P007,2,0.1,Express
ORD-10562,2026-01-05,C036,P006,2,0.0,Express
ORD-10563,2026-01-07,C058,P005,1,0.0,Standard
ORD-10564,2026-01-07,C036,P009,2,0.0,Standard
ORD-10565,2026-01-08,C018,P003,5,0.0,Standard
ORD-10566,2026-01-09,C021,P011,2,0.0,Standard
ORD-10567,2026-01-09,C044,P010,3,0.1,Standard
ORD-10568,2026-01-09,C027,P004,2,0.0,Same Day
ORD-10569,2026-01-10,C051,P007,1,0.0,Standard
ORD-10570,2026-01-12,C052,P002,2,0.0,Standard
ORD-10571,2026-01-14,C003,P012,2,0.0,Same Day
ORD-10572,2026-01-14,C044,P011,1,0.15,Standard
ORD-10573,2026-01-16,C023,P012,2,0.0,Same Day
ORD-10574,2026-01-16,C032,P004,4,0.15,Standard
ORD-10575,2026-01-17,C016,P002,3,0.0,Standard
ORD-10576,2026-01-17,C023,P003,3,0.0,Same Day
ORD-10577,2026-01-18,C020,P002,2,0.0,Standard
ORD-10578,2026-01-18,C004,P002,3,0.0,Standard
ORD-10579,2026-01-18,C047,P002,1,0.1,Standard
ORD-10580,2026-01-19,C009,P012,4,0.0,Express
ORD-10581,2026-01-19,C023,P002,3,0.0,Standard
ORD-10582,2026-01-19,C012,P002,3,0.05,Standard
ORD-10583,2026-01-20,C010,P010,3,0.05,Express
ORD-10584,2026-01-20,C023,P008,3,0.15,Express
ORD-10585,2026-01-21,C056,P010,7,0.15,Standard
ORD-10586,2026-01-21,C057,P008,4,0.05,Standard
ORD-10587,2026-01-22,C023,P011,2,0.1,Standard
ORD-10588,2026-01-22,C031,P008,3,0.1,Standard
ORD-10589,2026-01-22,C060,P006,4,0.0,Standard
ORD-10590,2026-01-23,C015,P010,3,0.05,Standard
ORD-10591,2026-01-23,C057,P005,2,0.0,Standard
ORD-10592,2026-01-24,C007,P004,1,0.1,Standard
ORD-10593,2026-01-25,C014,P006,3,0.15,Express
ORD-10594,2026-01-25,C021,P002,2,0.0,Standard
ORD-10595,2026-01-25,C003,P010,2,0.1,Same Day
ORD-10596,2026-01-26,C049,P003,1,0.15,Same Day
ORD-10597,2026-01-26,C052,P002,3,0.0,Standard
ORD-10598,2026-01-26,C024,P003,2,0.0,Same Day
ORD-10599,2026-01-27,C051,P011,3,0.15,Express
ORD-10600,2026-01-27,C047,P004,1,0.15,Standard
ORD-10601,2026-01-29,C049,P009,2,0.0,Express
ORD-10602,2026-01-29,C049,P011,4,0.0,Standard
ORD-10603,2026-01-30,C035,P002,3,0.05,Express
ORD-10604,2026-01-30,C007,P010,2,0.0,Standard
ORD-10605,2026-01-31,C056,P003,2,0.0,Standard
ORD-10606,2026-01-31,C037,P003,4,0.0,Standard
ORD-10607,2026-01-31,C055,P009,2,0.0,Same Day
ORD-10608,2026-02-01,C058,P011,5,0.05,Standard
ORD-10609,2026-02-01,C012,P003,5,0.05,Standard
ORD-10610,2026-02-03,C025,P007,2,0.05,Standard
ORD-10611,2026-02-04,C012,P003,1,0.1,Standard
ORD-10612,2026-02-04,C004,P007,1,0.0,Express
ORD-10613,2026-02-04,C058,P008,4,0.0,Express
ORD-10614,2026-02-05,C056,P008,3,0.0,Standard
ORD-10615,2026-02-06,C056,P008,4,0.0,Standard
ORD-10616,2026-02-06,C054,P002,2,0.0,Standard
ORD-10617,2026-02-06,C039,P010,1,0.0,Standard
ORD-10618,2026-02-07,C032,P009,1,0.0,Express
ORD-10619,2026-02-07,C060,P009,2,0.0,Express
ORD-10620,2026-02-07,C034,P002,2,0.05,Standard
ORD-10621,2026-02-09,C039,P005,1,0.05,Standard
ORD-10622,2026-02-09,C013,P005,1,0.15,Standard
ORD-10623,2026-02-12,C045,P002,3,0.1,Standard
ORD-10624,2026-02-12,C050,P003,5,0.05,Standard
ORD-10625,2026-02-13,C041,P005,2,0.0,Express
ORD-10626,2026-02-13,C030,P010,1,0.05,Standard
ORD-10627,2026-02-13,C012,P003,4,0.0,Same Day
ORD-10627,2026-02-13,C012,P003,4,0.0,Same Day
ORD-10628,2026-02-14,C003,P010,9,0.0,Standard
ORD-10629,2026-02-14,C038,P007,2,0.0,Standard
ORD-10630,2026-02-14,C041,P010,6,0.0,Standard
ORD-10631,2026-02-14,C047,P006,2,0.0,Standard
ORD-10632,2026-02-15,C058,P006,1,0.05,Standard
ORD-10633,2026-02-16,C030,P008,2,0.1,Standard
ORD-10634,2026-02-16,C050,P012,4,0.1,Express
ORD-10635,2026-02-17,C043,P006,1,0.05,Standard
ORD-10636,2026-02-17,C017,P006,1,0.0,Express
ORD-10637,2026-02-18,C051,P008,2,0.0,Express
ORD-10638,2026-02-19,C004,P010,8,0.05,Standard
ORD-10639,2026-02-20,C036,P002,2,0.0,Standard
ORD-10640,2026-02-22,C057,P006,3,0.0,Standard
ORD-10641,2026-02-22,C040,P006,3,0.0,Standard
ORD-10642,2026-02-23,C057,P012,1,0.15,Express
ORD-10643,2026-02-23,C004,P006,2,0.05,Same Day
ORD-10644,2026-02-23,C032,P006,1,0.0,Standard
ORD-10645,2026-02-24,C047,P012,4,0.05,Standard
ORD-10646,2026-02-25,C039,P006,4,0.0,Express
ORD-10647,2026-02-25,C053,P003,2,0.0,Express
ORD-10648,2026-02-25,C028,P003,2,0.0,Standard
ORD-10649,2026-02-25,C041,P002,1,0.0,Express
ORD-10650,2026-02-25,C026,P001,2,0.05,Standard
ORD-10651,2026-02-25,C053,P005,1,0.0,Standard
ORD-10652,2026-02-25,C008,P010,8,0.1,Standard
ORD-10653,2026-02-26,C016,P010,5,0.0,Standard
ORD-10654,2026-02-26,C006,P001,2,0.05,Express
ORD-10655,2026-02-27,C043,P007,2,0.05,Standard
ORD-10656,2026-02-28,C014,P002,1,0.05,Standard
ORD-10657,2026-03-01,C020,P012,5,0.05,Standard
ORD-10658,2026-03-01,C051,P002,3,0.15,Standard
ORD-10659,2026-03-03,C022,P008,4,0.0,Standard
ORD-10660,2026-03-03,C009,P004,4,0.05,Standard
ORD-10661,2026-03-03,C002,P009,1,0.05,Express
ORD-10661,2026-03-03,C002,P009,1,0.05,Express
ORD-10662,2026-03-03,C014,P005,1,0.0,Standard
ORD-10663,2026-03-04,C055,P010,6,0.0,Express
ORD-10664,2026-03-05,C033,P003,2,0.0,Standard
ORD-10665,2026-03-06,C060,P011,3,0.0,Express
ORD-10666,2026-03-07,C013,P006,1,0.0,Express
ORD-10667,2026-03-08,C022,P010,4,0.0,Standard
ORD-10668,2026-03-08,C010,P011,3,0.05,Standard
ORD-10669,2026-03-08,C024,P012,2,0.0,Same Day
ORD-10670,2026-03-09,C034,P003,4,0.1,Standard
ORD-10671,2026-03-10,C049,P003,3,0.0,Express
ORD-10672,2026-03-10,C023,P003,3,0.05,Standard
ORD-10673,2026-03-11,C047,P003,1,0.0,Standard
ORD-10674,2026-03-11,C038,P008,3,0.0,Standard
ORD-10675,2026-03-11,C018,P012,1,0.0,Express
ORD-10676,2026-03-11,C055,P012,2,0.05,Standard
ORD-10677,2026-03-13,C027,P006,2,0.0,Express
ORD-10678,2026-03-14,C010,P008,1,0.15,Express
ORD-10679,2026-03-14,C058,P011,3,0.0,Standard
ORD-10679,2026-03-14,C058,P011,3,0.0,Standard
ORD-10680,2026-03-15,C055,P012,2,0.05,Standard
ORD-10681,2026-03-16,C003,P003,5,0.0,Standard
ORD-10682,2026-03-16,C055,P006,4,0.05,Standard
ORD-10683,2026-03-16,C057,P011,1,0.0,Express
ORD-10684,2026-03-16,C050,P003,4,0.0,Standard
ORD-10685,2026-03-17,C016,P005,2,0.0,Standard
ORD-10686,2026-03-20,C038,P012,2,0.0,Express
ORD-10687,2026-03-21,C033,P012,3,0.0,Standard
ORD-10688,2026-03-21,C038,P011,5,0.15,Standard
ORD-10689,2026-03-23,C037,P010,4,0.0,Standard
ORD-10690,2026-03-23,C039,P003,1,0.0,Standard
ORD-10691,2026-03-24,C031,P004,2,0.15,Express
ORD-10692,2026-03-24,C042,P007,1,0.0,Standard
ORD-10693,2026-03-25,C032,P007,1,0.0,Standard
ORD-10694,2026-03-25,C001,P006,1,0.05,Standard
ORD-10695,2026-03-26,C003,P008,1,0.15,Standard
ORD-10696,2026-03-27,C058,P005,2,0.05,Express
ORD-10697,2026-03-28,C055,P010,2,0.0,Standard
ORD-10698,2026-03-29,C036,P004,3,0.15,Express
ORD-10699,2026-03-29,C011,P004,3,0.0,Express
ORD-10700,2026-03-30,C047,P002,2,0.15,Standard
ORD-10701,2026-03-30,C009,P003,5,0.1,Express
ORD-10702,2026-03-31,C023,P011,1,0.15,Standard
ORD-10703,2026-04-02,C020,P005,1,0.0,Same Day
ORD-10704,2026-04-03,C001,P003,1,0.0,Standard
ORD-10705,2026-04-03,C049,P010,6,0.05,Standard
ORD-10706,2026-04-04,C031,P007,2,0.0,Standard
ORD-10707,2026-04-04,C019,P001,2,0.0,Standard
ORD-10708,2026-04-05,C031,P004,2,0.15,Express
ORD-10709,2026-04-07,C001,P003,2,0.05,Standard
ORD-10710,2026-04-07,C027,P009,2,0.0,Standard
ORD-10711,2026-04-07,C032,P003,4,0.0,Standard
ORD-10712,2026-04-08,C021,P001,2,0.0,Express
ORD-10713,2026-04-09,C050,P001,1,0.0,Express
ORD-10714,2026-04-10,C015,P008,2,0.0,Standard
ORD-10715,2026-04-10,C009,P001,1,0.1,Standard
ORD-10716,2026-04-11,C032,P011,5,0.05,Standard
ORD-10717,2026-04-12,C054,P002,1,0.0,Express
ORD-10718,2026-04-12,C023,P008,4,0.0,Express
ORD-10719,2026-04-12,C003,P005,1,0.05,Standard
ORD-10720,2026-04-12,C059,P005,1,0.1,Express
ORD-10721,2026-04-13,C027,P002,1,0.1,Standard
ORD-10722,2026-04-13,C011,P010,7,0.0,Express
ORD-10723,2026-04-14,C037,P011,5,0.1,Standard
ORD-10724,2026-04-15,C020,P001,2,0.0,Standard
ORD-10725,2026-04-15,C057,P003,4,0.0,Standard
ORD-10726,2026-04-15,C018,P011,2,0.1,Standard
ORD-10727,2026-04-15,C034,P007,1,0.0,Same Day
ORD-10728,2026-04-16,C033,P002,3,0.0,Standard
ORD-10729,2026-04-16,C015,P003,3,0.0,Express
ORD-10730,2026-04-17,C030,P009,1,0.0,Express
ORD-10731,2026-04-17,C007,P010,9,0.0,Express
ORD-10732,2026-04-17,C039,P008,3,0.05,Same Day
ORD-10733,2026-04-18,C046,P012,1,0.0,Standard
ORD-10734,2026-04-18,C058,P006,4,0.0,Standard
ORD-10735,2026-04-19,C020,P003,4,0.1,Standard
ORD-10736,2026-04-19,C018,P006,3,0.0,Standard
ORD-10737,2026-04-20,C033,P004,4,0.15,Express
ORD-10738,2026-04-21,C042,P003,3,0.0,Standard
ORD-10738,2026-04-21,C042,P003,3,0.0,Standard
ORD-10739,2026-04-21,C060,P001,1,0.05,Standard
ORD-10740,2026-04-21,C002,P004,3,0.0,Standard
ORD-10741,2026-04-21,C015,P010,2,0.1,Standard
ORD-10741,2026-04-21,C015,P010,2,0.1,Standard
ORD-10742,2026-04-22,C016,P001,1,0.0,Express
ORD-10743,2026-04-22,C016,P005,2,0.15,Standard
ORD-10744,2026-04-22,C028,P009,1,0.0,Express
ORD-10745,2026-04-23,C053,P008,3,0.05,Express
ORD-10746,2026-04-24,C002,P010,3,0.0,Express
ORD-10747,2026-04-26,C049,P010,3,0.0,Standard
ORD-10748,2026-04-26,C038,P010,6,0.0,Express
ORD-10749,2026-04-27,C037,P002,3,0.0,Standard
ORD-10750,2026-04-28,C041,P006,2,0.0,Standard
ORD-10751,2026-04-28,C007,P008,1,0.05,Express
ORD-10752,2026-04-28,C045,P003,2,0.0,Express
ORD-10753,2026-04-29,C015,P001,1,0.0,Standard
ORD-10754,2026-04-29,C031,P003,5,0.0,Express
ORD-10755,2026-04-29,C041,P006,2,0.0,Standard
ORD-10756,2026-05-01,C037,P005,1,0.0,Standard
ORD-10757,2026-05-03,C020,P003,1,0.05,Same Day
ORD-10758,2026-05-03,C024,P010,5,0.0,Standard
ORD-10759,2026-05-03,C029,P012,5,0.1,Express
ORD-10760,2026-05-04,C003,P003,3,0.0,Standard
ORD-10761,2026-05-04,C044,P012,4,0.0,Express
ORD-10762,2026-05-04,C006,P001,1,0.1,Express
ORD-10763,2026-05-04,C028,P012,1,0.0,Express
ORD-10764,2026-05-04,C040,P012,4,0.0,Standard
ORD-10765,2026-05-06,C005,P001,1,0.15,Express
ORD-10766,2026-05-06,C060,P010,5,0.15,Standard
ORD-10767,2026-05-06,C023,P012,2,0.05,Same Day
ORD-10768,2026-05-06,C001,P011,1,0.0,Standard
ORD-10769,2026-05-06,C040,P012,3,0.05,Standard
ORD-10770,2026-05-07,C034,P007,2,0.15,Express
ORD-10771,2026-05-07,C039,P002,1,0.15,Standard
ORD-10772,2026-05-08,C046,P011,5,0.0,Standard
ORD-10773,2026-05-08,C029,P008,3,0.0,Express
ORD-10774,2026-05-08,C050,P008,3,0.0,Standard
ORD-10775,2026-05-09,C023,P005,1,0.0,Standard
ORD-10776,2026-05-09,C033,P007,2,0.05,Standard
ORD-10777,2026-05-09,C010,P002,1,0.0,Standard
ORD-10778,2026-05-10,C038,P010,10,0.0,Standard
ORD-10779,2026-05-10,C016,P002,2,0.0,Standard
ORD-10780,2026-05-10,C042,P010,4,0.0,Standard
ORD-10781,2026-05-12,C049,P011,1,0.0,Standard
ORD-10782,2026-05-12,C052,P006,3,0.0,Standard
ORD-10783,2026-05-12,C056,P006,1,0.0,Express
ORD-10784,2026-05-13,C008,P004,3,0.15,Express
ORD-10785,2026-05-14,C009,P012,4,0.0,Standard
ORD-10786,2026-05-15,C056,P010,3,0.0,Standard
ORD-10787,2026-05-15,C023,P004,1,0.0,Express
ORD-10788,2026-05-15,C002,P003,2,0.0,Standard
ORD-10789,2026-05-16,C018,P003,2,0.0,Standard
ORD-10790,2026-05-16,C051,P006,1,0.0,Standard
ORD-10791,2026-05-17,C022,P012,2,0.0,Standard
ORD-10792,2026-05-17,C005,P010,7,0.0,Express
ORD-10793,2026-05-17,C044,P003,2,0.05,Same Day
ORD-10794,2026-05-18,C012,P011,5,0.0,Same Day
ORD-10795,2026-05-18,C022,P004,4,0.0,Standard
ORD-10796,2026-05-18,C001,P011,5,0.05,Standard
ORD-10797,2026-05-19,C037,P003,3,0.0,Standard
ORD-10798,2026-05-19,C027,P008,2,0.0,Standard
ORD-10799,2026-05-19,C053,P012,5,0.0,Standard
ORD-10800,2026-05-19,C021,P003,2,0.0,Express
ORD-10801,2026-05-19,C013,P010,5,0.0,Standard
ORD-10802,2026-05-19,C010,P012,3,0.15,Same Day
ORD-10803,2026-05-19,C013,P002,3,0.15,Standard
ORD-10804,2026-05-21,C028,P002,2,0.15,Standard
ORD-10805,2026-05-21,C006,P009,2,0.0,Express
ORD-10806,2026-05-21,C025,P004,4,0.0,Express
ORD-10807,2026-05-22,C052,P002,2,0.0,Standard
ORD-10808,2026-05-26,C047,P006,4,0.0,Standard
ORD-10809,2026-05-26,C039,P010,2,0.0,Standard
ORD-10810,2026-05-27,C054,P003,5,0.0,Standard
ORD-10811,2026-05-27,C047,P004,1,0.0,Standard
ORD-10812,2026-05-28,C040,P011,6,0.0,Standard
ORD-10813,2026-05-29,C052,P006,2,0.0,Express
ORD-10814,2026-05-30,C008,P011,6,0.05,Standard
ORD-10815,2026-05-31,C050,P005,1,0.0,Express
ORD-10816,2026-05-31,C018,P012,3,0.1,Express
ORD-10817,2026-05-31,C044,P009,2,0.0,Standard
ORD-10818,2026-05-31,C055,P002,1,0.0,Standard
ORD-10819,2026-06-01,C030,P011,2,0.0,Standard
ORD-10820,2026-06-01,C006,P006,1,0.0,Express
ORD-10821,2026-06-02,C023,P002,1,0.0,Express
ORD-10822,2026-06-03,C025,P002,2,0.0,Express
ORD-10823,2026-06-04,C057,P009,2,0.05,Standard
ORD-10824,2026-06-05,C057,P001,1,0.0,Standard
ORD-10825,2026-06-05,C035,P003,1,0.0,Standard
ORD-10826,2026-06-05,C058,P002,1,0.15,Standard
ORD-10827,2026-06-07,C027,P005,2,0.0,Express
ORD-10828,2026-06-07,C025,P005,2,0.05,Standard
ORD-10829,2026-06-07,C051,P006,1,0.0,Standard
ORD-10830,2026-06-08,C041,P003,1,0.0,Standard
ORD-10831,2026-06-08,C032,P001,1,0.0,Standard
ORD-10832,2026-06-08,C028,P008,4,0.0,Express
ORD-10833,2026-06-09,C043,P004,3,0.05,Standard
ORD-10834,2026-06-10,C046,P009,2,0.0,Same Day
ORD-10835,2026-06-10,C030,P002,1,0.0,Express
ORD-10836,2026-06-11,C002,P001,2,0.0,Express
ORD-10837,2026-06-11,C007,P003,1,0.15,Express
ORD-10838,2026-06-11,C009,P006,3,0.1,Express
ORD-10839,2026-06-11,C028,P004,3,0.15,Express
ORD-10840,2026-06-12,C037,P010,4,0.05,Standard
ORD-10841,2026-06-12,C049,P004,3,0.05,Standard
ORD-10842,2026-06-12,C014,P007,2,0.0,Standard
ORD-10843,2026-06-14,C048,P008,2,0.15,Standard
ORD-10844,2026-06-14,C040,P001,1,0.0,Standard
ORD-10845,2026-06-14,C004,P006,1,0.0,Express
ORD-10846,2026-06-14,C022,P004,4,0.05,Standard
ORD-10847,2026-06-15,C019,P005,1,0.0,Standard
ORD-10848,2026-06-15,C054,P002,1,0.0,Express
ORD-10849,2026-06-15,C056,P010,7,0.0,Standard
ORD-10850,2026-06-15,C050,P012,2,0.0,Express
ORD-10851,2026-06-15,C032,P001,1,0.1,Standard
ORD-10852,2026-06-15,C030,P008,3,0.0,Express
ORD-10853,2026-06-16,C019,P010,6,0.1,Express
ORD-10854,2026-06-16,C047,P003,4,0.0,Standard
ORD-10855,2026-06-16,C006,P010,1,0.1,Standard
ORD-10856,2026-06-16,C017,P008,2,0.0,Standard
ORD-10857,2026-06-17,C009,P012,3,0.15,Standard
ORD-10858,2026-06-18,C030,P012,4,0.0,Standard
ORD-10859,2026-06-18,C018,P001,1,0.0,Same Day
ORD-10860,2026-06-19,C012,P005,1,0.0,Standard
ORD-10861,2026-06-19,C023,P007,2,0.0,Express
ORD-10862,2026-06-20,C052,P002,3,0.0,Standard
ORD-10863,2026-06-20,C034,P004,4,0.05,Same Day
ORD-10864,2026-06-20,C050,P012,2,0.15,Standard
ORD-10865,2026-06-20,C055,P001,2,0.05,Standard
ORD-10866,2026-06-21,C055,P006,2,0.0,Standard
ORD-10867,2026-06-23,C022,P011,4,0.0,Standard
ORD-10868,2026-06-23,C053,P004,1,0.1,Express
ORD-10869,2026-06-23,C055,P006,4,0.1,Standard
ORD-10870,2026-06-24,C058,P012,2,0.0,Standard
ORD-10871,2026-06-24,C022,P006,4,0.15,Standard
ORD-10872,2026-06-27,C014,P002,1,0.0,Express
ORD-10873,2026-06-27,C036,P001,2,0.1,Standard
ORD-10874,2026-06-27,C056,P012,3,0.15,Standard
ORD-10875,2026-06-27,C055,P003,1,0.05,Standard
ORD-10876,2026-06-28,C035,P006,1,0.0,Standard
ORD-10877,2026-06-28,C009,P002,3,0.05,Standard
ORD-10878,2026-06-29,C026,P005,1,0.0,Same Day
ORD-10879,2026-06-29,C043,P012,2,0.1,Standard
ORD-10880,2026-06-30,C034,P006,3,0.0,Express
ORD-10881,2026-06-30,C021,P012,2,0.05,Standard
ORD-10882,2026-06-30,C021,P003,1,0.15,Standard
ORD-10883,2026-07-01,C004,P006,3,0.0,Standard
ORD-10884,2026-07-02,C018,P011,5,0.0,Standard
ORD-10885,2026-07-03,C041,P005,2,0.05,Standard
ORD-10886,2026-07-04,C015,P003,5,0.0,Standard
ORD-10887,2026-07-04,C060,P011,1,0.0,Standard
ORD-10888,2026-07-04,C005,P004,2,0.0,Same Day
ORD-10889,2026-07-05,C036,P007,1,0.0,Standard
ORD-10890,2026-07-05,C030,P012,5,0.05,Standard
ORD-10891,2026-07-06,C050,P003,3,0.05,Standard
ORD-10892,2026-07-07,C054,P003,1,0.0,Standard
ORD-10893,2026-07-07,C033,P001,2,0.0,Express
ORD-10894,2026-07-09,C038,P004,1,0.0,Standard
ORD-10895,2026-07-09,C042,P003,2,0.0,Standard
ORD-10896,2026-07-09,C032,P009,2,0.05,Standard
ORD-10897,2026-07-09,C012,P003,3,0.0,Standard
ORD-10898,2026-07-09,C026,P009,2,0.0,Same Day
ORD-10899,2026-07-10,C015,P003,3,0.15,Standard
ORD-10900,2026-07-12,C028,P004,4,0.0,Express
ORD-10901,2026-07-12,C037,P004,3,0.05,Standard
ORD-10902,2026-07-12,C013,P010,1,0.0,Same Day
ORD-10903,2026-07-13,C015,P006,1,0.0,Standard
ORD-10904,2026-07-13,C050,P004,4,0.0,Standard
ORD-10905,2026-07-15,C023,P011,1,0.1,Express
ORD-10906,2026-07-15,C012,P007,1,0.1,Standard
ORD-10907,2026-07-16,C043,P003,1,0.0,Standard
ORD-10908,2026-07-16,C043,P011,2,0.0,Same Day
ORD-10909,2026-07-16,C050,P004,3,0.0,Standard
ORD-10910,2026-07-16,C046,P001,1,0.05,Express
ORD-10911,2026-07-17,C060,P006,2,0.05,Express
ORD-10912,2026-07-17,C035,P002,3,0.05,Express
ORD-10913,2026-07-19,C018,P003,1,0.15,Express
ORD-10914,2026-07-19,C052,P010,1,0.0,Standard
ORD-10915,2026-07-20,C016,P002,1,0.05,Standard
ORD-10916,2026-07-20,C018,P010,9,0.05,Standard
ORD-10917,2026-07-20,C050,P012,3,0.0,Express
ORD-10918,2026-07-21,C053,P008,3,0.15,Express
ORD-10919,2026-07-21,C021,P010,1,0.0,Standard
ORD-10920,2026-07-22,C044,P010,8,0.05,Standard
ORD-10921,2026-07-22,C056,P012,1,0.05,Standard
ORD-10922,2026-07-22,C048,P004,3,0.15,Standard
ORD-10923,2026-07-22,C001,P002,1,0.0,Express
ORD-10924,2026-07-23,C040,P006,4,0.0,Standard
ORD-10925,2026-07-23,C011,P007,1,0.1,Express
ORD-10926,2026-07-24,C051,P003,1,0.1,Express
ORD-10927,2026-07-24,C005,P008,2,0.0,Same Day
ORD-10928,2026-07-24,C060,P001,1,0.1,Standard
ORD-10929,2026-07-25,C011,P012,1,0.0,Same Day
ORD-10930,2026-07-25,C026,P003,3,0.05,Express
ORD-10931,2026-07-25,C015,P001,1,0.1,Express
ORD-10932,2026-07-27,C049,P002,2,0.0,Standard
ORD-10933,2026-07-27,C024,P003,5,0.0,Standard
ORD-10934,2026-07-28,C045,P003,1,0.15,Express
ORD-10935,2026-07-28,C005,P001,1,0.1,Standard
ORD-10936,2026-07-29,C028,P003,1,0.1,Standard
ORD-10937,2026-07-30,C055,P003,3,0.0,Standard
ORD-10938,2026-07-30,C056,P004,2,0.15,Standard
ORD-10939,2026-07-30,C013,P004,1,0.0,Standard
ORD-10940,2026-07-30,C024,P004,1,0.0,Standard
ORD-10941,2026-07-30,C025,P004,4,0.0,Standard
ORD-10942,2026-08-01,C034,P002,1,0.1,Same Day
ORD-10943,2026-08-01,C033,P001,2,0.15,Same Day
ORD-10944,2026-08-02,C007,P003,5,0.05,Standard
ORD-10945,2026-08-04,C046,P010,5,0.05,Standard
ORD-10946,2026-08-04,C014,P012,2,0.0,Standard
ORD-10947,2026-08-05,C019,P012,4,0.0,Standard
ORD-10948,2026-08-05,C051,P006,4,0.0,Express
ORD-10949,2026-08-06,C042,P007,1,0.0,Standard
ORD-10950,2026-08-07,C024,P004,4,0.0,Standard
ORD-10951,2026-08-07,C055,P010,10,0.1,Standard
ORD-10952,2026-08-07,C024,P010,2,0.05,Standard
ORD-10953,2026-08-07,C034,P011,1,0.1,Express
ORD-10954,2026-08-08,C015,P011,5,0.0,Express
ORD-10955,2026-08-08,C011,P005,1,0.0,Standard
ORD-10956,2026-08-09,C030,P010,7,0.0,Standard
ORD-10957,2026-08-09,C034,P010,1,0.0,Same Day
ORD-10958,2026-08-10,C049,P003,4,0.0,Standard
ORD-10959,2026-08-10,C024,P012,2,0.0,Express
ORD-10960,2026-08-11,C054,P002,1,0.0,Express
ORD-10961,2026-08-11,C037,P012,1,0.05,Standard
ORD-10962,2026-08-11,C005,P010,2,0.0,Express
ORD-10963,2026-08-12,C045,P002,2,0.0,Standard
ORD-10964,2026-08-13,C035,P009,1,0.0,Express
ORD-10965,2026-08-14,C024,P001,2,0.0,Standard
ORD-10966,2026-08-16,C029,P010,7,0.0,Standard
ORD-10967,2026-08-17,C019,P010,3,0.0,Standard
ORD-10968,2026-08-19,C037,P008,4,0.05,Standard
ORD-10969,2026-08-20,C035,P011,4,0.0,Standard
ORD-10970,2026-08-20,C027,P002,3,0.15,Standard
ORD-10971,2026-08-20,C018,P003,1,0.0,Standard
ORD-10972,2026-08-21,C024,P005,2,0.0,Standard
ORD-10973,2026-08-21,C030,P001,2,0.0,Standard
ORD-10974,2026-08-21,C029,P005,2,0.0,Same Day
ORD-10975,2026-08-21,C019,P003,3,0.0,Same Day
ORD-10976,2026-08-22,C035,P004,3,0.1,Standard
ORD-10977,2026-08-22,C014,P005,1,0.0,Standard
ORD-10978,2026-08-23,C031,P011,1,0.05,Express
ORD-10979,2026-08-23,C008,P003,1,0.0,Express
ORD-10980,2026-08-24,C029,P011,6,0.0,Standard
ORD-10981,2026-08-24,C048,P005,2,0.0,Express
ORD-10982,2026-08-24,C050,P004,2,0.0,Standard
ORD-10983,2026-08-24,C042,P006,3,0.0,Standard
ORD-10984,2026-08-25,C045,P005,1,0.15,Express
ORD-10985,2026-08-26,C004,P003,1,0.05,Express
ORD-10986,2026-08-26,C021,P006,3,0.15,Express
ORD-10987,2026-08-27,C040,P002,2,0.0,Standard
ORD-10988,2026-08-27,C049,P004,4,0.1,Standard
ORD-10989,2026-08-27,C035,P007,2,0.05,Standard
ORD-10990,2026-08-27,C052,P005,1,0.05,Standard
ORD-10991,2026-08-28,C017,P010,9,0.15,Standard
ORD-10992,2026-08-28,C010,P003,3,0.05,Standard
ORD-10993,2026-08-29,C006,P012,5,0.1,Standard
ORD-10994,2026-08-29,C035,P010,2,0.05,Express
ORD-10995,2026-08-30,C040,P012,1,0.0,Standard
ORD-10996,2026-08-30,C018,P011,1,0.05,Standard
ORD-10997,2026-08-31,C048,P002,3,0.0,Express
ORD-10998,2026-08-31,C045,P006,1,0.15,Standard
ORD-10999,2026-08-31,C022,P002,3,0.1,Express
ORD-11000,2026-08-31,C015,P010,8,0.0,Standard
